t,phase,clearance,horizontal_error_gt,tag_valid,tag_age,tag_weight,yolo_visible,yolo_confidence,coarse_vx,coarse_vy,tag_vx,tag_vy,cmd_vx,cmd_vy,cmd_vz,uav_x,uav_y,uav_z,vehicle_x,vehicle_y,mode,armed
0.0,TAKEOFF,-2.1255270052859747,59.98741243218692,0,8.624,0.0,0,0.0,0.0,0.0,0.0,0.0,0.0,0.0,1.2,0.00016364849579986185,0.0008047031005844474,-0.016127388924360275,10.000000004412279,7.975472637938368e-08,AUTO.LOITER,0
0.032,TAKEOFF,-2.1255270659710495,59.98739744815298,0,8.656,0.0,0,0.0,0.0,0.0,0.0,0.0,0.0,0.0,1.2,0.0002012489567277953,0.0005213211989030242,-0.01580289751291275,10.000000004412279,7.975472637938368e-08,AUTO.LOITER,0
0.068,TAKEOFF,-2.1255271342417617,59.98743501659728,0,8.692,0.0,0,0.0,0.0,0.0,0.0,0.0,0.0,0.0,1.2,0.00024675566237419844,0.00023795700690243393,-0.015419884584844112,10.000000004412279,7.975472637938368e-08,OFFBOARD,0
0.112,TAKEOFF,-2.1255272176837474,59.9874350262928,0,8.736,0.0,0,0.0,0.0,0.0,0.0,0.0,0.0,0.0,1.2,0.00030420071561820805,-7.08593288436532e-05,-0.015009335242211819,10.000000004412279,7.975472637938368e-08,OFFBOARD,0
0.144,TAKEOFF,-2.125527278233285,59.98743503334573,0,8.768,0.0,0,0.0,0.0,0.0,0.0,0.0,0.0,0.0,1.2,0.0003843287704512477,-0.00047019674093462527,-0.014429938048124313,10.000000004412279,7.975472637938368e-08,OFFBOARD,0
0.184,TAKEOFF,-2.125527353320662,59.98721425998809,0,8.808,0.0,0,0.0,0.0,0.0,0.0,0.0,0.0,0.0,1.2,0.0006781670963391662,-0.0008248643134720623,-0.013656307943165302,10.000000004412279,7.975472637938368e-08,OFFBOARD,0
0.22,TAKEOFF,-2.1255274206592443,59.987435049668726,0,8.844,0.0,0,0.0,0.0,0.0,0.0,0.0,0.0,0.0,1.2,0.0006781670963391662,-0.0008248643134720623,-0.013656307943165302,10.000000004412279,7.975472637938368e-08,OFFBOARD,0
0.256,TAKEOFF,-2.125527488181295,59.9866430970005,0,8.88,0.0,0,0.0,0.0,0.0,0.0,0.0,0.0,0.0,1.2,0.002115475246682763,0.0010869636898860335,-0.013613074086606503,10.000000004412279,7.975472637938368e-08,OFFBOARD,0
0.288,TAKEOFF,-2.125527548439657,59.98696400490474,0,8.912,0.0,0,0.0,0.0,0.0,0.0,0.0,0.0,0.0,1.2,0.002586457645520568,0.001663307542912662,-0.01348421536386013,10.000000004412279,7.975472637938368e-08,OFFBOARD,0
0.328,TAKEOFF,-2.125527623883179,59.986647855267286,0,8.952,0.0,0,0.0,0.0,0.0,0.0,0.0,0.0,0.0,1.2,0.0033735577017068863,0.002562221372500062,-0.013309650123119354,10.000000004412279,7.975472637938368e-08,OFFBOARD,0
0.364,TAKEOFF,-2.1255276916247907,59.986793769317444,0,8.988,0.0,0,0.0,0.0,0.0,0.0,0.0,0.0,0.0,1.2,0.004014782141894102,0.0032174568623304367,-0.013391478918492794,10.000000004412279,7.975472637938368e-08,OFFBOARD,0
0.4,TAKEOFF,-2.1255277589801853,59.98680084771718,0,9.024,0.0,0,0.0,0.0,0.0,0.0,0.0,0.0,0.0,1.2,0.004648943431675434,0.003813479794189334,-0.013401337899267673,10.000000004412279,7.975472637938368e-08,OFFBOARD,0
0.436,TAKEOFF,-2.125527826342415,59.98665967993237,0,9.06,0.0,0,0.0,0.0,0.0,0.0,0.0,0.0,0.0,1.2,0.005424270872026682,0.004482305143028498,-0.013300897553563118,10.000000004412279,7.975472637938368e-08,OFFBOARD,0
0.468,TAKEOFF,-2.1255278864978395,59.9869763798622,0,9.092,0.0,0,0.0,0.0,0.0,0.0,0.0,0.0,0.0,1.2,0.005882943980395794,0.004853654187172651,-0.013243729248642921,10.000000004412279,7.975472637938368e-08,OFFBOARD,0
0.508,TAKEOFF,-2.125527961473868,59.98743511185016,0,9.132,0.0,0,0.0,0.0,0.0,0.0,0.0,0.0,0.0,1.2,0.006504509598016739,0.0053125726990401745,-0.013168799690902233,10.000000004412279,7.975472637938368e-08,OFFBOARD,0
0.544,TAKEOFF,-2.1255280288123464,59.987435119525216,0,9.168,0.0,0,0.0,0.0,0.0,0.0,0.0,0.0,0.0,1.2,0.007288344204425812,0.005818394478410482,-0.012805725447833538,10.000000004412279,7.975472637938368e-08,OFFBOARD,0
0.58,TAKEOFF,-2.1255280964519994,59.98743512733499,0,9.204,0.0,0,0.0,0.0,0.0,0.0,0.0,0.0,0.0,1.2,0.007916880771517754,0.00617226492613554,-0.012493422254920006,10.000000004412279,7.975472637938368e-08,OFFBOARD,0
0.616,TAKEOFF,-2.125528164319023,59.9872640958908,0,9.24,0.0,0,0.0,0.0,0.0,0.0,0.0,0.0,0.0,1.2,0.008595244958996773,0.00643910001963377,-0.01186259277164936,10.000000004412279,7.975472637938368e-08,OFFBOARD,0
0.648,TAKEOFF,-2.125528217119476,59.98724586999663,0,9.272,0.0,0,0.0,0.0,0.0,0.0,0.0,0.0,0.0,1.2,0.008784515783190727,0.0064429170452058315,-0.011498396284878254,10.000000004412279,7.975472637938368e-08,OFFBOARD,0
0.684,TAKEOFF,-2.125528292326951,59.9872287908161,0,9.308,0.0,0,0.0,0.0,0.0,0.0,0.0,0.0,0.0,1.2,0.008990878239274025,0.006419386714696884,-0.011057780124247074,10.000000004412279,7.975472637938368e-08,OFFBOARD,0
0.708,TAKEOFF,-2.125528337210976,59.987435155102396,0,9.332,0.0,0,0.0,0.0,0.0,0.0,0.0,0.0,0.0,1.2,0.008990878239274025,0.006419386714696884,-0.011057780124247074,10.000000004412279,7.975472637938368e-08,OFFBOARD,0
0.736,TAKEOFF,-2.1255283895428523,59.98743516105237,0,9.36,0.0,0,0.0,0.0,0.0,0.0,0.0,0.0,0.0,1.2,0.009271380491554737,0.006357262842357159,-0.010412480682134628,10.000000004412279,7.975472637938368e-08,OFFBOARD,0
0.768,TAKEOFF,-2.125528442084037,59.98719632879369,0,9.392,0.0,0,0.0,0.0,0.0,0.0,0.0,0.0,0.0,1.2,0.009510226547718048,0.006301542744040489,-0.010034527629613876,10.000000004412279,7.975472637938368e-08,OFFBOARD,0
0.808,TAKEOFF,-2.125528524731774,59.9874351765929,0,9.432,0.0,0,0.0,0.0,0.0,0.0,0.0,0.0,0.0,1.2,0.00975790899246931,0.00624049874022603,-0.009651675820350647,10.000000004412279,7.975472637938368e-08,OFFBOARD,0
0.844,TAKEOFF,-2.1255285920376026,59.98743518424444,0,9.468,0.0,0,0.0,0.0,0.0,0.0,0.0,0.0,0.0,1.2,0.010029833763837814,0.006170205771923065,-0.00932689756155014,10.000000004412279,7.975472637938368e-08,OFFBOARD,0
0.88,TAKEOFF,-2.1255286595642446,59.987435192009684,0,9.504,0.0,0,0.0,0.0,0.0,0.0,0.0,0.0,0.0,1.2,0.010319416411221027,0.006074455566704273,-0.00899081863462925,10.000000004412279,7.975472637938368e-08,OFFBOARD,0
0.916,TAKEOFF,-2.125528727384466,59.987435199882604,0,9.54,0.0,0,0.0,0.0,0.0,0.0,0.0,0.0,0.0,1.2,0.010613902471959591,0.005954871419817209,-0.00870231632143259,10.000000004412279,7.975472637938368e-08,OFFBOARD,0
0.952,TAKEOFF,-2.125528795278109,59.98709974732918,0,9.576,0.0,0,0.0,0.0,0.0,0.0,0.0,0.0,0.0,1.2,0.011331149376928806,0.0055910758674144745,-0.00806620717048645,10.000000004412279,7.975472637938368e-08,OFFBOARD,0
0.988,TAKEOFF,-2.1255288630118523,59.98692731452356,0,9.612,0.0,0,0.0,0.0,0.0,0.0,0.0,0.0,0.0,1.2,0.011839069426059723,0.005455188453197479,-0.007962996140122414,10.000000004412279,7.975472637938368e-08,OFFBOARD,0
1.028,TAKEOFF,-2.1255289378633284,59.98645005872127,0,9.652,0.0,0,0.0,0.0,0.0,0.0,0.0,0.0,0.0,1.2,0.012824238277971745,0.005430198274552822,-0.008060167543590069,10.000000004412279,7.975472637938368e-08,OFFBOARD,0
1.064,TAKEOFF,-2.1255290052177247,59.986443128476346,0,9.688,0.0,0,0.0,0.0,0.0,0.0,0.0,0.0,0.0,1.2,0.0138163473457098,0.0053887683898210526,-0.007971633225679398,10.000000004412279,7.975472637938368e-08,OFFBOARD,1
1.084,TAKEOFF,-2.1255290428160296,59.98643374772376,0,9.708,0.0,0,0.0,0.0,0.0,0.0,0.0,0.0,0.0,1.2,0.014817844144999981,0.005328471306711435,-0.007868032902479172,10.000000004412279,7.975472637938368e-08,OFFBOARD,1
1.104,TAKEOFF,-2.125529072900959,59.98743523959263,0,9.728,0.0,0,0.0,0.0,0.0,0.0,0.0,0.0,0.0,1.2,0.014817844144999981,0.005328471306711435,-0.007868032902479172,10.000000004412279,7.975472637938368e-08,OFFBOARD,1
1.124,TAKEOFF,-2.125529110439717,59.986186540269486,0,9.748,0.0,0,0.0,0.0,0.0,0.0,0.0,0.0,0.0,1.2,0.01606656238436699,0.005223751533776522,-0.007810262497514486,10.000000004412279,7.975472637938368e-08,OFFBOARD,1
1.144,TAKEOFF,-2.1255291478363154,59.98743524813373,0,9.768,0.0,0,0.0,0.0,0.0,0.0,0.0,0.0,0.0,1.2,0.01606656238436699,0.005223751533776522,-0.007810262497514486,10.000000004412279,7.975472637938368e-08,OFFBOARD,1
1.164,TAKEOFF,-2.125529185213353,59.986435235733296,0,9.788,0.0,0,0.0,0.0,0.0,0.0,0.0,0.0,0.0,1.2,0.01706659607589245,0.005101822782307863,-0.007918685674667358,10.000000004412279,7.975472637938368e-08,OFFBOARD,1
1.196,TAKEOFF,-2.1255292452167485,59.986432187228615,0,9.82,0.0,0,0.0,0.0,0.0,0.0,0.0,0.0,0.0,1.2,0.018069690093398094,0.004945109132677317,-0.008019119501113892,10.000000004412279,7.975472637938368e-08,OFFBOARD,1
1.232,TAKEOFF,-2.1255293129358597,59.98642197642238,0,9.856,0.0,0,0.0,0.0,0.0,0.0,0.0,0.0,0.0,1.2,0.01908300630748272,0.004763623233884573,-0.008101225830614567,10.000000004412279,7.975472637938368e-08,OFFBOARD,1
1.264,TAKEOFF,-2.125529380579853,59.98642341245389,0,9.888,0.0,0,0.0,0.0,0.0,0.0,0.0,0.0,0.0,1.2,0.020094897598028183,0.0045593902468681335,-0.008154080249369144,10.000000004412279,7.975472637938368e-08,OFFBOARD,1
1.296,TAKEOFF,-2.1255294329824332,59.98641306273334,0,9.92,0.0,0,0.0,0.0,0.0,0.0,0.0,0.0,0.0,1.2,0.02111714705824852,0.004338365979492664,-0.008379136212170124,10.000000004412279,7.975472637938368e-08,OFFBOARD,1
1.332,TAKEOFF,-2.1255295000048284,59.98615230636963,0,9.956,0.0,0,0.0,0.0,0.0,0.0,0.0,0.0,0.0,1.2,0.02240017056465149,0.004047588910907507,-0.008575710467994213,10.000000004412279,7.975472637938368e-08,OFFBOARD,1
1.3639999999999999,TAKEOFF,-2.1255295592800896,59.98639454016343,0,9.988,0.0,0,0.0,0.0,0.0,0.0,0.0,0.0,0.0,1.2,0.02344096265733242,0.0037877822760492563,-0.008660542778670788,10.000000004412279,7.975472637938368e-08,OFFBOARD,1
1.396,TAKEOFF,-2.1255296185986454,59.986763823668376,0,10.02,0.0,0,0.0,0.0,0.0,0.0,0.0,0.0,0.0,1.2,0.024112466722726822,0.0036081024445593357,-0.008697159588336945,10.000000004412279,7.975472637938368e-08,OFFBOARD,1
1.432,TAKEOFF,-2.1255296852685017,59.987830081382775,0,10.056,0.0,0,0.0,0.0,0.0,0.0,0.0,0.0,0.0,1.2,0.023717686533927917,0.003674010280519724,-0.008743025362491608,10.000000004412279,7.975472637938368e-08,OFFBOARD,1
1.464,TAKEOFF,-2.1255297443996772,59.98762194465336,0,10.088,0.0,0,0.0,0.0,0.0,0.0,0.0,0.0,0.0,1.2,0.023531056940555573,0.003689217148348689,-0.008834036067128181,10.000000004412279,7.975472637938368e-08,OFFBOARD,1
1.496,TAKEOFF,-2.1255298108097205,59.98761892017344,0,10.12,0.0,0,0.0,0.0,0.0,0.0,0.0,0.0,0.0,1.2,0.023347461596131325,0.003689730539917946,-0.008914375677704811,10.000000004412279,7.975472637938368e-08,OFFBOARD,1
1.532,TAKEOFF,-2.1255298696056126,59.98758275278576,0,10.156,0.0,0,0.0,0.0,0.0,0.0,0.0,0.0,0.0,1.2,0.02320004440844059,0.0036618560552597046,-0.008981060236692429,10.000000004412279,7.975472637938368e-08,OFFBOARD,1
1.564,TAKEOFF,-2.125529935642329,59.987492366255466,0,10.188,0.0,0,0.0,0.0,0.0,0.0,0.0,0.0,0.0,1.2,0.02314302697777748,0.0035942317917943,-0.008962755091488361,10.000000004412279,7.975472637938368e-08,OFFBOARD,1
1.596,TAKEOFF,-2.1255299939713916,59.98743486206307,0,10.22,0.0,0,0.0,0.0,0.0,0.0,0.0,0.0,0.0,1.2,0.023143524304032326,0.0034992920700460672,-0.008886406198143959,10.000000004412279,7.975472637938368e-08,OFFBOARD,1
1.6320000000000001,TAKEOFF,-2.1255300522902845,59.98735613156324,0,10.256,0.0,0,0.0,0.0,0.0,0.0,0.0,0.0,0.0,1.2,0.02322276681661606,0.0033481766004115343,-0.00886091310530901,10.000000004412279,7.975472637938368e-08,OFFBOARD,1
1.6640000000000001,TAKEOFF,-2.1255301104727216,59.987345980991805,0,10.288,0.0,0,0.0,0.0,0.0,0.0,0.0,0.0,0.0,1.2,0.02331215888261795,0.003252453403547406,-0.00887165404856205,10.000000004412279,7.975472637938368e-08,OFFBOARD,1
1.696,TAKEOFF,-2.1255301681410126,59.987287616640614,0,10.32,0.0,0,0.0,0.0,0.0,0.0,0.0,0.0,0.0,1.2,0.02345992811024189,0.0031130192801356316,-0.008749818429350853,10.000000004412279,7.975472637938368e-08,OFFBOARD,1
1.732,TAKEOFF,-2.125530232992131,59.98719151747844,0,10.356,0.0,0,0.0,0.0,0.0,0.0,0.0,0.0,0.0,1.2,0.023703811690211296,0.002919682301580906,-0.008617682382464409,10.000000004412279,7.975472637938368e-08,OFFBOARD,1
1.764,TAKEOFF,-2.1255302975024333,59.98719266603191,0,10.388,0.0,0,0.0,0.0,0.0,0.0,0.0,0.0,0.0,1.2,0.023946551606059074,0.00274487747810781,-0.008592191152274609,10.000000004412279,7.975472637938368e-08,OFFBOARD,1
1.796,TAKEOFF,-2.1255303546491935,59.98740490902204,0,10.42,0.0,0,0.0,0.0,0.0,0.0,0.0,0.0,0.0,1.2,0.023977044969797134,0.002642459236085415,-0.008652862161397934,10.000000004412279,7.975472637938368e-08,OFFBOARD,1
1.8319999999999999,TAKEOFF,-2.1255304113096343,59.98807236370996,0,10.456,0.0,0,0.0,0.0,0.0,0.0,0.0,0.0,0.0,1.2,0.02334005758166313,0.002775813452899456,-0.009181640110909939,10.000000004412279,7.975472637938368e-08,OFFBOARD,1
1.8639999999999999,TAKEOFF,-2.1255304747599264,59.9879605523902,0,10.488,0.0,0,0.0,0.0,0.0,0.0,0.0,0.0,0.0,1.2,0.02281489223241806,0.0028847951907664537,-0.009836213663220406,10.000000004412279,7.975472637938368e-08,OFFBOARD,1
1.896,TAKEOFF,-2.1255305238614173,59.987976688515495,0,10.52,0.0,0,0.0,0.0,0.0,0.0,0.0,0.0,0.0,1.2,0.022273598238825798,0.002980942605063319,-0.010595202445983887,10.000000004412279,7.975472637938368e-08,OFFBOARD,1
1.932,TAKEOFF,-2.125530593671025,59.98779091620675,0,10.556000000000001,0.0,0,0.0,0.0,0.0,0.0,0.0,0.0,0.0,1.2,0.02191809192299843,0.0030245520174503326,-0.010973038151860237,10.000000004412279,7.975472637938368e-08,OFFBOARD,1
1.964,TAKEOFF,-2.1255306419590796,59.9877187475614,0,10.588,0.0,0,0.0,0.0,0.0,0.0,0.0,0.0,0.0,1.2,0.021634763106703758,0.0030445228330790997,-0.011293591000139713,10.000000004412279,7.975472637938368e-08,OFFBOARD,1
1.996,TAKEOFF,-2.125530703746398,59.98766863791414,0,10.62,0.0,0,0.0,0.0,0.0,0.0,0.0,0.0,0.0,1.2,0.021401554346084595,0.0030413963831961155,-0.011572705581784248,10.000000004412279,7.975472637938368e-08,OFFBOARD,1
2.032,TAKEOFF,-2.125530758298257,59.98762149019914,0,10.656,0.0,0,0.0,0.0,0.0,0.0,0.0,0.0,0.0,1.2,0.02121550403535366,0.003006954211741686,-0.011808576993644238,10.000000004412279,7.975472637938368e-08,OFFBOARD,1
2.064,TAKEOFF,-2.125530819092546,59.98755012627717,0,10.688,0.0,0,0.0,0.0,0.0,0.0,0.0,0.0,0.0,1.2,0.021100828424096107,0.0029460664372891188,-0.01199594046920538,10.000000004412279,7.975472637938368e-08,OFFBOARD,1
2.096,TAKEOFF,-2.12553086587327,59.987500191139894,0,10.72,0.0,0,0.0,0.0,0.0,0.0,0.0,0.0,0.0,1.2,0.021036099642515182,0.0028408123180270195,-0.012104427441954613,10.000000004412279,7.975472637938368e-08,OFFBOARD,1
2.132,TAKEOFF,-2.12553092552853,59.987417759844014,0,10.756,0.0,0,0.0,0.0,0.0,0.0,0.0,0.0,0.0,1.2,0.02105380967259407,0.0027318524662405252,-0.01213767845183611,10.000000004412279,7.975472637938368e-08,OFFBOARD,1
2.164,TAKEOFF,-2.125530978051599,59.98736926905424,0,10.788,0.0,0,0.0,0.0,0.0,0.0,0.0,0.0,0.0,1.2,0.021120021119713783,0.002591376658529043,-0.012150577269494534,10.000000004412279,7.975472637938368e-08,OFFBOARD,1
2.196,TAKEOFF,-2.125531036354679,59.98754002344768,0,10.82,0.0,0,0.0,0.0,0.0,0.0,0.0,0.0,0.0,1.2,0.021015476435422897,0.002512020291760564,-0.012381169945001602,10.000000004412279,7.975472637938368e-08,OFFBOARD,1
2.232,TAKEOFF,-2.1255310876321083,59.988142001419554,0,10.856,0.0,0,0.0,0.0,0.0,0.0,0.0,0.0,0.0,1.2,0.020308928564190865,0.0026591105852276087,-0.013269531540572643,10.000000004412279,7.975472637938368e-08,OFFBOARD,1
2.2640000000000002,TAKEOFF,-2.1255311381510307,59.98803324820628,0,10.888,0.0,0,0.0,0.0,0.0,0.0,0.0,0.0,0.0,1.2,0.019711142405867577,0.002787788165733218,-0.014053535647690296,10.000000004412279,7.975472637938368e-08,OFFBOARD,1
2.296,TAKEOFF,-2.125531194321538,59.98794114730471,0,10.92,0.0,0,0.0,0.0,0.0,0.0,0.0,0.0,0.0,1.2,0.01920546591281891,0.0029011566657572985,-0.01474902406334877,10.000000004412279,7.975472637938368e-08,OFFBOARD,1
2.332,TAKEOFF,-2.1255312434085605,59.98794587183536,0,10.956,0.0,0,0.0,0.0,0.0,0.0,0.0,0.0,0.0,1.2,0.01869507133960724,0.003010150510817766,-0.015527783893048763,10.000000004412279,7.975472637938368e-08,OFFBOARD,1
2.364,TAKEOFF,-2.1255312977507868,59.98775548255456,0,10.988,0.0,0,0.0,0.0,0.0,0.0,0.0,0.0,0.0,1.2,0.018375080078840256,0.0030642764177173376,-0.016080934554338455,10.000000004412279,7.975472637938368e-08,OFFBOARD,1
2.396,TAKEOFF,-2.125531339384436,59.98768761487726,0,11.02,0.0,0,0.0,0.0,0.0,0.0,0.0,0.0,0.0,1.2,0.018122965469956398,0.003089492442086339,-0.016587436199188232,10.000000004412279,7.975472637938368e-08,OFFBOARD,1
2.432,TAKEOFF,-2.1255313976656947,59.98763270871069,0,11.056,0.0,0,0.0,0.0,0.0,0.0,0.0,0.0,0.0,1.2,0.017925767228007317,0.003091683378443122,-0.016986988484859467,10.000000004412279,7.975472637938368e-08,OFFBOARD,1
2.464,TAKEOFF,-2.1255314320779077,59.987577965818744,0,11.088,0.0,0,0.0,0.0,0.0,0.0,0.0,0.0,0.0,1.2,0.01778331771492958,0.003081733826547861,-0.017280660569667816,10.000000004412279,7.975472637938368e-08,OFFBOARD,1
2.496,TAKEOFF,-2.1255314826282996,59.98753046767174,0,11.12,0.0,0,0.0,0.0,0.0,0.0,0.0,0.0,0.0,1.2,0.01768837496638298,0.0030539599247276783,-0.01754855178296566,10.000000004412279,7.975472637938368e-08,OFFBOARD,1
2.532,TAKEOFF,-2.1255315320029555,59.987497597605774,0,11.156,0.0,0,0.0,0.0,0.0,0.0,0.0,0.0,0.0,1.2,0.017626311630010605,0.0030022566206753254,-0.017851410433650017,10.000000004412279,7.975472637938368e-08,OFFBOARD,1
2.564,TAKEOFF,-2.1255315748804264,59.98743383654745,0,11.188,0.0,0,0.0,0.0,0.0,0.0,0.0,0.0,0.0,1.2,0.01762801595032215,0.002941055689007044,-0.01802068017423153,10.000000004412279,7.975472637938368e-08,OFFBOARD,1
2.596,TAKEOFF,-2.12553161669897,59.98782036747724,0,11.22,0.0,0,0.0,0.0,0.0,0.0,0.0,0.0,0.0,1.2,0.01724320277571678,0.0028205474372953176,-0.01787099614739418,10.000000004412279,7.975472637938368e-08,OFFBOARD,1
2.632,TAKEOFF,-2.12553166253543,59.988948969089805,0,11.256,0.0,0,0.0,0.0,0.0,0.0,0.0,0.0,0.0,1.2,0.015729814767837524,0.002551398938521743,-0.016820650547742844,10.000000004412279,7.975472637938368e-08,OFFBOARD,1
2.664,TAKEOFF,-2.1255317020777222,59.98880429587858,0,11.288,0.0,0,0.0,0.0,0.0,0.0,0.0,0.0,0.0,1.2,0.014361105859279633,0.002275473438203335,-0.01582806371152401,10.000000004412279,7.975472637938368e-08,OFFBOARD,1
2.6959999999999997,TAKEOFF,-2.125531740541797,59.988662894801465,0,11.32,0.0,0,0.0,0.0,0.0,0.0,0.0,0.0,0.0,1.2,0.013133804313838482,0.0019895443692803383,-0.014845496043562889,10.000000004412279,7.975472637938368e-08,OFFBOARD,1
2.732,TAKEOFF,-2.1255317822956425,59.98884684614882,0,11.356,0.0,0,0.0,0.0,0.0,0.0,0.0,0.0,0.0,1.2,0.011722567491233349,0.0016285516321659088,-0.01373534370213747,10.000000004412279,7.975472637938368e-08,OFFBOARD,1
2.7640000000000002,TAKEOFF,-2.12553181819195,59.988471281373144,0,11.388,0.0,0,0.0,0.0,0.0,0.0,0.0,0.0,0.0,1.2,0.010686889290809631,0.0013421359471976757,-0.012944544665515423,10.000000004412279,7.975472637938368e-08,OFFBOARD,1
2.7960000000000003,TAKEOFF,-2.1255318569330157,59.98837720014625,0,11.42,0.0,0,0.0,0.0,0.0,0.0,0.0,0.0,0.0,1.2,0.009745297022163868,0.0010577081702649593,-0.012216396629810333,10.000000004412279,7.975472637938368e-08,OFFBOARD,1
2.832,TAKEOFF,-2.125531889995339,59.9882952671541,0,11.456,0.0,0,0.0,0.0,0.0,0.0,0.0,0.0,0.0,1.2,0.0088856415823102,0.0007764715701341629,-0.011560536921024323,10.000000004412279,7.975472637938368e-08,OFFBOARD,1
2.864,TAKEOFF,-2.125531921588953,59.98822109603409,0,11.488,0.0,0,0.0,0.0,0.0,0.0,0.0,0.0,0.0,1.2,0.008100161328911781,0.0004958733916282654,-0.010964689776301384,10.000000004412279,7.975472637938368e-08,OFFBOARD,1
2.896,TAKEOFF,-2.1255319517610287,59.98816024795984,0,11.52,0.0,0,0.0,0.0,0.0,0.0,0.0,0.0,0.0,1.2,0.007375530898571014,0.00023106878506951034,-0.010424282401800156,10.000000004412279,7.975472637938368e-08,OFFBOARD,1
2.932,TAKEOFF,-2.1255319838110607,59.98824331564197,0,11.556000000000001,0.0,0,0.0,0.0,0.0,0.0,0.0,0.0,0.0,1.2,0.006567846518009901,-9.915418922901154e-05,-0.009844796732068062,10.000000004412279,7.975472637938368e-08,OFFBOARD,1
2.964,TAKEOFF,-2.1255320106297706,59.98799686564148,0,11.588,0.0,0,0.0,0.0,0.0,0.0,0.0,0.0,0.0,1.2,0.006006608251482248,-0.0003766268491744995,-0.0094507010653615,10.000000004412279,7.975472637938368e-08,OFFBOARD,1
2.996,TAKEOFF,-2.1255320357386167,59.98787041629383,0,11.62,0.0,0,0.0,0.0,0.0,0.0,0.0,0.0,0.0,1.2,0.005571778863668442,-0.00034121022326871753,-0.0089860949665308,10.000000004412279,7.975472637938368e-08,OFFBOARD,1
3.032,TAKEOFF,-2.1255320646805838,59.98760718758326,0,11.656,0.0,0,0.0,0.0,0.0,0.0,0.0,0.0,0.0,1.2,0.005400070920586586,0.0005452877376228571,-0.00821714662015438,10.000000004412279,7.975472637938368e-08,OFFBOARD,1
3.064,TAKEOFF,-2.1255320832868083,59.987564645868346,0,11.688,0.0,0,0.0,0.0,0.0,0.0,0.0,0.0,0.0,1.2,0.005270916037261486,0.0013628368033096194,-0.007538510486483574,10.000000004412279,7.975472637938368e-08,OFFBOARD,1
3.096,TAKEOFF,-2.12553210279163,59.98753766221861,0,11.72,0.0,0,0.0,0.0,0.0,0.0,0.0,0.0,0.0,1.2,0.005168753210455179,0.002137233503162861,-0.006936289835721254,10.000000004412279,7.975472637938368e-08,OFFBOARD,1
3.132,TAKEOFF,-2.1255321244017695,59.98753307906836,0,11.756,0.0,0,0.0,0.0,0.0,0.0,0.0,0.0,0.0,1.2,0.0050711603835225105,0.0030450732447206974,-0.006283782888203859,10.000000004412279,7.975472637938368e-08,OFFBOARD,1
3.164,TAKEOFF,-2.12553213763823,59.98749660379267,0,11.788,0.0,0,0.0,0.0,0.0,0.0,0.0,0.0,0.0,1.2,0.005010075401514769,0.003711381461471319,-0.005817814730107784,10.000000004412279,7.975472637938368e-08,OFFBOARD,1
3.196,TAKEOFF,-2.1255321515111674,59.987474918468216,0,11.82,0.0,0,0.0,0.0,0.0,0.0,0.0,0.0,0.0,1.2,0.004970685578882694,0.004319558851420879,-0.005412320606410503,10.000000004412279,7.975472637938368e-08,OFFBOARD,1
3.232,TAKEOFF,-2.125532166680163,59.9874614761533,0,11.856,0.0,0,0.0,0.0,0.0,0.0,0.0,0.0,0.0,1.2,0.0049447473138570786,0.004876301623880863,-0.005051991902291775,10.000000004412279,7.975472637938368e-08,OFFBOARD,1
3.2640000000000002,TAKEOFF,-2.125532179758511,59.98745482531844,0,11.888,0.0,0,0.0,0.0,0.0,0.0,0.0,0.0,0.0,1.2,0.004925468470901251,0.005385261960327625,-0.004741129465401173,10.000000004412279,7.975472637938368e-08,OFFBOARD,1
3.296,TAKEOFF,-2.125532190493653,59.98744602176094,0,11.92,0.0,0,0.0,0.0,0.0,0.0,0.0,0.0,0.0,1.2,0.0049150013364851475,0.005862402729690075,-0.004467575810849667,10.000000004412279,7.975472637938368e-08,OFFBOARD,1
3.332,TAKEOFF,-2.1255322034605677,59.9874275009781,0,11.956,0.0,0,0.0,0.0,0.0,0.0,0.0,0.0,0.0,1.2,0.004923047963529825,0.006405509077012539,-0.004168706014752388,10.000000004412279,7.975472637938368e-08,OFFBOARD,1
3.368,TAKEOFF,-2.1255322141641337,59.98740438937202,0,11.992,0.0,0,0.0,0.0,0.0,0.0,0.0,0.0,0.0,1.2,0.004954204428941011,0.006875202059745789,-0.003968150354921818,10.000000004412279,7.975472637938368e-08,OFFBOARD,1
3.396,TAKEOFF,-2.1255322261061758,59.98745665667738,0,12.02,0.0,0,0.0,0.0,0.0,0.0,0.0,0.0,0.0,1.2,0.004933049902319908,0.007411549799144268,-0.003794293152168393,10.000000004412279,7.975472637938368e-08,OFFBOARD,1
3.432,TAKEOFF,-2.125532238728482,59.987603917881216,0,12.056,0.0,0,0.0,0.0,0.0,0.0,0.0,0.0,0.0,1.2,0.004764556419104338,0.007948405109345913,-0.003755949204787612,10.000000004412279,7.975472637938368e-08,OFFBOARD,1
3.464,TAKEOFF,-2.1255322503314376,59.98756659735079,0,12.088,0.0,0,0.0,0.0,0.0,0.0,0.0,0.0,0.0,1.2,0.004633235279470682,0.00882457010447979,-0.0037216090131551027,10.000000004412279,7.975472637938368e-08,OFFBOARD,1
3.496,TAKEOFF,-2.1255322597416764,59.98751774139732,0,12.12,0.0,0,0.0,0.0,0.0,0.0,0.0,0.0,0.0,1.2,0.004550631623715162,0.01015273667871952,-0.003712447825819254,10.000000004412279,7.975472637938368e-08,OFFBOARD,1
3.532,TAKEOFF,-2.125532269081707,59.98748783473215,0,12.156,0.0,0,0.0,0.0,0.0,0.0,0.0,0.0,0.0,1.2,0.004497858230024576,0.012618730776011944,-0.0037517249584198,10.000000004412279,7.975472637938368e-08,OFFBOARD,1
3.564,TAKEOFF,-2.125532275372269,59.98740819888579,0,12.188,0.0,0,0.0,0.0,0.0,0.0,0.0,0.0,0.0,1.2,0.004525293130427599,0.015345662832260132,-0.0038171131163835526,10.000000004412279,7.975472637938368e-08,OFFBOARD,1
3.596,TAKEOFF,-2.1255322820542477,59.98741148791066,0,12.22,0.0,0,0.0,0.0,0.0,0.0,0.0,0.0,0.0,1.2,0.004592678043991327,0.018857555463910103,-0.003910270053893328,10.000000004412279,7.975472637938368e-08,OFFBOARD,1
3.632,TAKEOFF,-2.125532288566096,59.987745972536416,0,12.256,0.0,0,0.0,0.0,0.0,0.0,0.0,0.0,0.0,1.2,0.0045745703391730785,0.023271454498171806,-0.004006949253380299,10.000000004412279,7.975472637938368e-08,OFFBOARD,1
3.664,TAKEOFF,-2.125483565085659,59.98849578889354,0,12.288,0.0,0,0.0,0.0,0.0,0.0,0.0,0.0,0.0,1.2,0.004372894298285246,0.02869083732366562,-0.004113569390028715,10.000000004412279,7.975472637938368e-08,OFFBOARD,1
3.6959999999999997,TAKEOFF,-2.1252858242450063,59.9893073238511,0,12.32,0.0,0,0.0,0.0,0.0,0.0,0.0,0.0,0.0,1.2,0.003996549639850855,0.03511267900466919,-0.0038973211776465178,10.000000004412279,7.975472637938368e-08,OFFBOARD,1
3.732,TAKEOFF,-2.124676282346683,59.99059652629568,0,12.356,0.0,0,0.0,0.0,0.0,0.0,0.0,0.0,0.0,1.2,0.0033543002791702747,0.04448036104440689,-0.0032954418566077948,10.000000004412279,7.975472637938368e-08,OFFBOARD,1
3.7640000000000002,TAKEOFF,-2.1237307663030545,59.99164273601908,0,12.388,0.0,0,0.0,0.0,0.0,0.0,0.0,0.0,0.0,1.2,0.002736196620389819,0.05301555618643761,-0.002448765793815255,10.000000004412279,7.975472637938368e-08,OFFBOARD,1
3.7960000000000003,TAKEOFF,-2.1223736459100855,59.99291609128413,0,12.42,0.0,0,0.0,0.0,0.0,0.0,0.0,0.0,0.0,1.2,0.0020499189849942923,0.062439918518066406,-0.001155816949903965,10.000000004412279,7.975472637938368e-08,OFFBOARD,1
3.832,TAKEOFF,-2.1201051570773815,59.99464710273699,0,12.456,0.0,0,0.0,0.0,0.0,0.0,0.0,0.0,0.0,1.2,0.0013018189929425716,0.07221590727567673,-0.00014776985335629433,10.000000004412279,7.975472637938368e-08,OFFBOARD,1
3.864,TAKEOFF,-2.1181617797176546,59.99563754884435,0,12.488,0.0,0,0.0,0.0,0.0,0.0,0.0,0.0,0.0,1.2,0.0008235269342549145,0.07884275168180466,0.0007719926070421934,10.000000004412279,7.975472637938368e-08,OFFBOARD,1
3.896,TAKEOFF,-2.115618073578939,59.99737372981521,0,12.52,0.0,0,0.0,0.0,0.0,0.0,0.0,0.0,0.0,1.2,0.0001478333433624357,0.08851549029350281,0.002330191433429718,10.000000004412279,7.975472637938368e-08,OFFBOARD,1
3.932,TAKEOFF,-2.112397941429451,59.99942113289665,0,12.556000000000001,0.0,0,0.0,0.0,0.0,0.0,0.0,0.0,0.0,1.2,-0.000741377123631537,0.10187456756830215,0.004974932409822941,10.000000004412279,7.975472637938368e-08,OFFBOARD,1
3.964,TAKEOFF,-2.109670616992628,60.000746613246015,0,12.588,0.0,0,0.0,0.0,0.0,0.0,0.0,0.0,0.0,1.2,-0.0014729956164956093,0.11350448429584503,0.007414321415126324,10.000000004412279,7.975472637938368e-08,OFFBOARD,1
3.996,TAKEOFF,-2.1054622715921973,60.00293995866341,0,12.62,0.0,0,0.0,0.0,0.0,0.0,0.0,0.0,0.0,1.2,-0.0022054160945117474,0.1258825808763504,0.01006206776946783,10.000000004412279,7.975472637938368e-08,OFFBOARD,1
4.032,TAKEOFF,-2.101375975370425,60.005484367537115,0,12.656,0.0,0,0.0,0.0,0.0,0.0,0.0,0.0,0.0,1.2,-0.0034774343948811293,0.13881880044937134,0.013229191303253174,10.000000004412279,7.975472637938368e-08,OFFBOARD,1
4.064,TAKEOFF,-2.0980218963355752,60.00697674884673,0,12.688,0.0,0,0.0,0.0,0.0,0.0,0.0,0.0,0.0,1.2,-0.004677667748183012,0.15231813490390778,0.0166073776781559,10.000000004412279,7.975472637938368e-08,OFFBOARD,1
4.096,TAKEOFF,-2.094024363508296,60.00867852940591,0,12.72,0.0,0,0.0,0.0,0.0,0.0,0.0,0.0,0.0,1.2,-0.0057978215627372265,0.16630995273590088,0.020144160836935043,10.000000004412279,7.975472637938368e-08,OFFBOARD,1
4.132,TAKEOFF,-2.0893526736957617,60.01090031472892,0,12.756,0.0,0,0.0,0.0,0.0,0.0,0.0,0.0,0.0,1.2,-0.0071097686886787415,0.18436729907989502,0.024777526035904884,10.000000004412279,7.975472637938368e-08,OFFBOARD,1
4.164,TAKEOFF,-2.0850776061111227,60.01255599730385,0,12.788,0.0,0,0.0,0.0,0.0,0.0,0.0,0.0,0.0,1.2,-0.00816904567182064,0.19921180605888367,0.028558436781167984,10.000000004412279,7.975472637938368e-08,OFFBOARD,1
4.196,TAKEOFF,-2.0801080588760543,60.015123608088174,0,12.82,0.0,0,0.0,0.0,0.0,0.0,0.0,0.0,0.0,1.2,-0.00936274603009224,0.21434055268764496,0.03239642456173897,10.000000004412279,7.975472637938368e-08,OFFBOARD,1
4.232,TAKEOFF,-2.0754948120481926,60.01783370804326,0,12.856,0.0,0,0.0,0.0,0.0,0.0,0.0,0.0,0.0,1.2,-0.010785354301333427,0.22963324189186096,0.03645344451069832,10.000000004412279,7.975472637938368e-08,OFFBOARD,1
4.264,TAKEOFF,-2.070025867916182,60.02185214919854,0,12.888,0.0,0,0.0,0.0,0.0,0.0,0.0,0.0,0.0,1.2,-0.012988952919840813,0.2488379180431366,0.04178289324045181,10.000000004412279,7.975472637938368e-08,OFFBOARD,1
4.296,TAKEOFF,-2.0655308142922992,60.02403956752184,0,12.92,0.0,0,0.0,0.0,0.0,0.0,0.0,0.0,0.0,1.2,-0.01456997636705637,0.2603723406791687,0.04513327032327652,10.000000004412279,7.975472637938368e-08,OFFBOARD,1
4.332,TAKEOFF,-2.059394578040651,60.02969418024063,0,12.956,0.0,0,0.0,0.0,0.0,0.0,0.0,0.0,0.0,1.2,-0.017651952803134918,0.27958980202674866,0.05102061480283737,10.000000004412279,7.975472637938368e-08,OFFBOARD,1
4.364,TAKEOFF,-2.0535615914967433,60.03352955351334,0,12.988,0.0,0,0.0,0.0,0.0,0.0,0.0,0.0,0.0,1.2,-0.020513717085123062,0.2949354350566864,0.05605791509151459,10.000000004412279,7.975472637938368e-08,OFFBOARD,1
4.396,TAKEOFF,-2.0473324162902973,60.03860881417376,0,13.02,0.0,0,0.0,0.0,0.0,0.0,0.0,0.0,0.0,1.2,-0.024011926725506783,0.3105737566947937,0.06151627004146576,10.000000004412279,7.975472637938368e-08,OFFBOARD,1
4.432,TAKEOFF,-2.0398112271063433,60.04514276518704,0,13.056,0.0,0,0.0,0.0,0.0,0.0,0.0,0.0,0.0,1.2,-0.028657183051109314,0.327119916677475,0.0673205554485321,10.000000004412279,7.975472637938368e-08,OFFBOARD,1
4.464,TAKEOFF,-2.0326364474723597,60.05037960877462,0,13.088,0.0,0,0.0,0.0,0.0,0.0,0.0,0.0,0.0,1.2,-0.03346848860383034,0.3435683846473694,0.07352504879236221,10.000000004412279,7.975472637938368e-08,OFFBOARD,1
4.496,TAKEOFF,-2.0239906923659734,60.05647502657499,0,13.12,0.0,0,0.0,0.0,0.0,0.0,0.0,0.0,0.0,1.2,-0.038414306938648224,0.3599463999271393,0.08019062876701355,10.000000004412279,7.975472637938368e-08,OFFBOARD,1
4.532,TAKEOFF,-2.015777342660106,60.063330235733254,0,13.156,0.0,0,0.0,0.0,0.0,0.0,0.0,0.0,0.0,1.2,-0.04471747204661369,0.38035139441490173,0.08929862827062607,10.000000004412279,7.975472637938368e-08,OFFBOARD,1
4.564,TAKEOFF,-2.007056339604666,60.06764399765787,0,13.188,0.0,0,0.0,0.0,0.0,0.0,0.0,0.0,0.0,1.2,-0.049782875925302505,0.39665496349334717,0.09711635112762451,10.000000004412279,7.975472637938368e-08,OFFBOARD,1
4.596,TAKEOFF,-1.9966328024749656,60.07397484323564,0,13.22,0.0,0,0.0,0.0,0.0,0.0,0.0,0.0,0.0,1.2,-0.05482226610183716,0.41294237971305847,0.10538779199123383,10.000000004412279,7.975472637938368e-08,OFFBOARD,1
4.632,TAKEOFF,-1.9868202077287587,60.07959738793919,0,13.256,0.0,0,0.0,0.0,0.0,0.0,0.0,0.0,0.0,1.2,-0.05980229750275612,0.42922043800354004,0.11429791152477264,10.000000004412279,7.975472637938368e-08,OFFBOARD,1
4.664,TAKEOFF,-1.9764946849672802,60.08520479717467,0,13.288,0.0,0,0.0,0.0,0.0,0.0,0.0,0.0,0.0,1.2,-0.06470706313848495,0.4454961121082306,0.12363756448030472,10.000000004412279,7.975472637938368e-08,OFFBOARD,1
4.696,TAKEOFF,-1.965659577343594,60.09077068990981,0,13.32,0.0,0,0.0,0.0,0.0,0.0,0.0,0.0,0.0,1.2,-0.06951474398374557,0.4617534875869751,0.13339895009994507,10.000000004412279,7.975472637938368e-08,OFFBOARD,1
4.732,TAKEOFF,-1.9528696676641024,60.0981920430933,0,13.356,0.0,0,0.0,0.0,0.0,0.0,0.0,0.0,0.0,1.2,-0.07537824660539627,0.4820467531681061,0.14622750878334045,10.000000004412279,7.975472637938368e-08,OFFBOARD,1
4.764,TAKEOFF,-1.9409738567893375,60.102445412168564,0,13.388,0.0,0,0.0,0.0,0.0,0.0,0.0,0.0,0.0,1.2,-0.07994910329580307,0.4982362389564514,0.1569986194372177,10.000000004412279,7.975472637938368e-08,OFFBOARD,1
4.796,TAKEOFF,-1.9285911344819464,60.10787603268267,0,13.42,0.0,0,0.0,0.0,0.0,0.0,0.0,0.0,0.0,1.2,-0.08441709727048874,0.5143635869026184,0.16819381713867188,10.000000004412279,7.975472637938368e-08,OFFBOARD,1
4.832,TAKEOFF,-1.9140890440007092,60.11520123764993,0,13.456,0.0,0,0.0,0.0,0.0,0.0,0.0,0.0,0.0,1.2,-0.0900411456823349,0.530897855758667,0.1812945306301117,10.000000004412279,7.975472637938368e-08,OFFBOARD,1
4.864,TAKEOFF,-1.9007036551369585,60.12042653773752,0,13.488,0.0,0,0.0,0.0,0.0,0.0,0.0,0.0,0.0,1.2,-0.0954665020108223,0.5473588109016418,0.1947704404592514,10.000000004412279,7.975472637938368e-08,OFFBOARD,1
4.896,TAKEOFF,-1.8851043982370328,60.12628114761141,0,13.52,0.0,0,0.0,0.0,0.0,0.0,0.0,0.0,0.0,1.2,-0.10070916265249252,0.5637430548667908,0.2085178941488266,10.000000004412279,7.975472637938368e-08,OFFBOARD,1
4.932,TAKEOFF,-1.8689533201218231,60.13335402860591,0,13.556000000000001,0.0,0,0.0,0.0,0.0,0.0,0.0,0.0,0.0,1.2,-0.10701673477888107,0.5841034650802612,0.22610226273536682,10.000000004412279,7.975472637938368e-08,OFFBOARD,1
4.964,TAKEOFF,-1.856022044147789,60.136427929958465,0,13.588,0.0,0,0.0,0.0,0.0,0.0,0.0,0.0,0.0,1.2,-0.1118541732430458,0.600274384021759,0.24064481258392334,10.000000004412279,7.975472637938368e-08,OFFBOARD,1
4.996,TAKEOFF,-1.8389331578971568,60.14208946709421,0,13.62,0.0,0,0.0,0.0,0.0,0.0,0.0,0.0,0.0,1.2,-0.1165291965007782,0.6163408756256104,0.25558292865753174,10.000000004412279,7.975472637938368e-08,OFFBOARD,1
5.032,TAKEOFF,-1.8213384518036901,60.147649128858326,0,13.656,0.0,0,0.0,0.0,0.0,0.0,0.0,0.0,0.0,1.2,-0.12103031575679779,0.6322968602180481,0.27077314257621765,10.000000004412279,7.975472637938368e-08,OFFBOARD,1
5.064,TAKEOFF,-1.8073116301991186,60.15296643741288,0,13.688,0.0,0,0.0,0.0,0.0,0.0,0.0,0.0,0.0,1.2,-0.12641148269176483,0.6521008014678955,0.2901955544948578,10.000000004412279,7.975472637938368e-08,OFFBOARD,1
5.096,TAKEOFF,-1.790920117919282,60.15554010385564,0,13.72,0.0,0,0.0,0.0,0.0,0.0,0.0,0.0,0.0,1.2,-0.12951625883579254,0.6639068126678467,0.3022047281265259,10.000000004412279,7.975472637938368e-08,OFFBOARD,1
5.132,TAKEOFF,-1.7720268004904174,60.162947309530324,0,13.756,0.0,0,0.0,0.0,0.0,0.0,0.0,0.0,0.0,1.2,-0.13447962701320648,0.6834456920623779,0.3225476145744324,10.000000004412279,7.975472637938368e-08,OFFBOARD,1
5.164,TAKEOFF,-1.7548381500525496,60.1664726923653,0,13.788,0.0,0,0.0,0.0,0.0,0.0,0.0,0.0,0.0,1.2,-0.13826382160186768,0.6989620923995972,0.33912843465805054,10.000000004412279,7.975472637938368e-08,OFFBOARD,1
5.196,TAKEOFF,-1.7372818357249444,60.17149921488918,0,13.82,0.0,0,0.0,0.0,0.0,0.0,0.0,0.0,0.0,1.2,-0.14241567254066467,0.7145197987556458,0.3562763035297394,10.000000004412279,7.975472637938368e-08,OFFBOARD,1
5.232,TAKEOFF,-1.7148219926116415,60.17852392695792,0,13.856,0.0,0,0.0,0.0,0.0,0.0,0.0,0.0,0.0,1.2,-0.14790308475494385,0.7303654551506042,0.3744248151779175,10.000000004412279,7.975472637938368e-08,OFFBOARD,1
5.264,TAKEOFF,-1.6964502332490277,60.18266659306677,0,13.888,0.0,0,0.0,0.0,0.0,0.0,0.0,0.0,0.0,1.2,-0.15309882164001465,0.7460537552833557,0.3927353322505951,10.000000004412279,7.975472637938368e-08,OFFBOARD,1
5.296,TAKEOFF,-1.6800902877498953,60.18620430792716,0,13.92,0.0,0,0.0,0.0,0.0,0.0,0.0,0.0,0.0,1.2,-0.15803538262844086,0.76158207654953,0.41121116280555725,10.000000004412279,7.975472637938368e-08,OFFBOARD,1
5.332,TAKEOFF,-1.658677098401741,60.191914991442836,0,13.956,0.0,0,0.0,0.0,0.0,0.0,0.0,0.0,0.0,1.2,-0.16386334598064423,0.7807649374008179,0.4348839819431305,10.000000004412279,7.975472637938368e-08,OFFBOARD,1
5.364,TAKEOFF,-1.639294154417906,60.194558313378174,0,13.988,0.0,0,0.0,0.0,0.0,0.0,0.0,0.0,0.0,1.2,-0.16826197504997253,0.7959327697753906,0.4539354741573334,10.000000004412279,7.975472637938368e-08,OFFBOARD,1
5.396,TAKEOFF,-1.6171050390156334,60.198825553986,0,14.02,0.0,0,0.0,0.0,0.0,0.0,0.0,0.0,0.0,1.2,-0.17241591215133667,0.8109438419342041,0.4731115400791168,10.000000004412279,7.975472637938368e-08,OFFBOARD,1
5.432,TAKEOFF,-1.5945174252339371,60.20296612559516,0,14.056,0.0,0,0.0,0.0,0.0,0.0,0.0,0.0,0.0,1.2,-0.17634086310863495,0.8258012533187866,0.49248239398002625,10.000000004412279,7.975472637938368e-08,OFFBOARD,1
5.464,TAKEOFF,-1.5741073437712556,60.20650329301542,0,14.088,0.0,0,0.0,0.0,0.0,0.0,0.0,0.0,0.0,1.2,-0.18004265427589417,0.840505063533783,0.5120425224304199,10.000000004412279,7.975472637938368e-08,OFFBOARD,1
5.496,TAKEOFF,-1.555994728715378,60.20947881895461,0,14.12,0.0,0,0.0,0.0,0.0,0.0,0.0,0.0,0.0,1.2,-0.18352754414081573,0.8550410866737366,0.5317696928977966,10.000000004412279,7.975472637938368e-08,OFFBOARD,1
5.532,TAKEOFF,-1.5323602673904044,60.21407149487025,0,14.156,0.0,0,0.0,0.0,0.0,0.0,0.0,0.0,0.0,1.2,-0.1875806450843811,0.8729768395423889,0.5566819310188293,10.000000004412279,7.975472637938368e-08,OFFBOARD,1
5.564,TAKEOFF,-1.5110236258731857,60.216377388412255,0,14.188,0.0,0,0.0,0.0,0.0,0.0,0.0,0.0,0.0,1.2,-0.19059480726718903,0.8871269226074219,0.5768765211105347,10.000000004412279,7.975472637938368e-08,OFFBOARD,1
5.596,TAKEOFF,-1.4866493718036708,60.22032028984689,0,14.22,0.0,0,0.0,0.0,0.0,0.0,0.0,0.0,0.0,1.2,-0.19386473298072815,0.9014976024627686,0.5972832441329956,10.000000004412279,7.975472637938368e-08,OFFBOARD,1
5.632,TAKEOFF,-1.4618852198871646,60.226023541955605,0,14.256,0.0,0,0.0,0.0,0.0,0.0,0.0,0.0,0.0,1.2,-0.1992296725511551,0.9205954074859619,0.6231013536453247,10.000000004412279,7.975472637938368e-08,OFFBOARD,1
5.664,TAKEOFF,-1.4423543322793928,60.22717711474782,0,14.288,0.0,0,0.0,0.0,0.0,0.0,0.0,0.0,0.0,1.2,-0.20316992700099945,0.9355648756027222,0.643943190574646,10.000000004412279,7.975472637938368e-08,OFFBOARD,1
5.696,TAKEOFF,-1.4197460603326957,60.228861170020075,0,14.32,0.0,0,0.0,0.0,0.0,0.0,0.0,0.0,0.0,1.2,-0.20594480633735657,0.9466183185577393,0.6597096920013428,10.000000004412279,7.975472637938368e-08,OFFBOARD,1
5.732,TAKEOFF,-1.3939488828824242,60.233640306248965,0,14.356,0.0,0,0.0,0.0,0.0,0.0,0.0,0.0,0.0,1.2,-0.21024025976657867,0.9647022485733032,0.686299204826355,10.000000004412279,7.975472637938368e-08,OFFBOARD,1
5.764,TAKEOFF,-1.3707000135165561,60.23510565840303,0,14.388,0.0,0,0.0,0.0,0.0,0.0,0.0,0.0,0.0,1.2,-0.21339300274848938,0.9788852334022522,0.7076417207717896,10.000000004412279,7.975472637938368e-08,OFFBOARD,1
5.796,TAKEOFF,-1.3441895997462097,60.237737750995855,0,14.42,0.0,0,0.0,0.0,0.0,0.0,0.0,0.0,0.0,1.2,-0.21630802750587463,0.9928008913993835,0.7290357947349548,10.000000004412279,7.975472637938368e-08,OFFBOARD,1
5.836,TAKEOFF,-1.3173031908549024,60.24093141921774,0,14.46,0.0,0,0.0,0.0,0.0,0.0,0.0,0.0,0.0,1.2,-0.2196282148361206,1.0098323822021484,0.7560473084449768,10.000000004412279,7.975472637938368e-08,OFFBOARD,1
5.864,TAKEOFF,-1.296131599863756,60.24135465562622,0,14.488,0.0,0,0.0,0.0,0.0,0.0,0.0,0.0,0.0,1.2,-0.22146479785442352,1.0198585987091064,0.7724263072013855,10.000000004412279,7.975472637938368e-08,OFFBOARD,1
5.896,TAKEOFF,-1.2716604977054233,60.24405893375795,0,14.52,0.0,0,0.0,0.0,0.0,0.0,0.0,0.0,0.0,1.2,-0.22373442351818085,1.033010721206665,0.794376790523529,10.000000004412279,7.975472637938368e-08,OFFBOARD,1
5.932,TAKEOFF,-1.2437818171311616,60.24677436252805,0,14.556000000000001,0.0,0,0.0,0.0,0.0,0.0,0.0,0.0,0.0,1.2,-0.22630451619625092,1.049110770225525,0.8221665024757385,10.000000004412279,7.975472637938368e-08,OFFBOARD,1
5.964,TAKEOFF,-1.2186905810076907,60.24798170462411,0,14.588,0.0,0,0.0,0.0,0.0,0.0,0.0,0.0,0.0,1.2,-0.22816269099712372,1.0617097616195679,0.8447221517562866,10.000000004412279,7.975472637938368e-08,OFFBOARD,1
5.996,TAKEOFF,-1.1933085301410806,60.24998792149097,0,14.62,0.0,0,0.0,0.0,0.0,0.0,0.0,0.0,0.0,1.2,-0.23015093803405762,1.0744080543518066,0.8678023219108582,10.000000004412279,7.975472637938368e-08,OFFBOARD,1
6.032,TAKEOFF,-1.161176992927082,60.252874519873394,0,14.656,0.0,0,0.0,0.0,0.0,0.0,0.0,0.0,0.0,1.2,-0.23281873762607574,1.0878700017929077,0.8919055461883545,10.000000004412279,7.975472637938368e-08,OFFBOARD,1
6.064,TAKEOFF,-1.1384218437541092,60.25404955288653,0,14.688,0.0,0,0.0,0.0,0.0,0.0,0.0,0.0,0.0,1.2,-0.23523032665252686,1.10098397731781,0.916252851486206,10.000000004412279,7.975472637938368e-08,OFFBOARD,1
6.096,TAKEOFF,-1.1121571768476177,60.25535189537094,0,14.72,0.0,0,0.0,0.0,0.0,0.0,0.0,0.0,0.0,1.2,-0.23740342259407043,1.1137681007385254,0.9407973885536194,10.000000004412279,7.975472637938368e-08,OFFBOARD,1
6.132,TAKEOFF,-1.0789485095324138,60.257437961602974,0,14.756,0.0,0,0.0,0.0,0.0,0.0,0.0,0.0,0.0,1.2,-0.23981644213199615,1.1292961835861206,0.9718258380889893,10.000000004412279,7.975472637938368e-08,OFFBOARD,1
6.164,TAKEOFF,-1.0554614066556443,60.25781148996845,0,14.788,0.0,0,0.0,0.0,0.0,0.0,0.0,0.0,0.0,1.2,-0.24150627851486206,1.1413816213607788,0.9969229102134705,10.000000004412279,7.975472637938368e-08,OFFBOARD,1
6.196,TAKEOFF,-1.0283861058802197,60.258835709844845,0,14.82,0.0,0,0.0,0.0,0.0,0.0,0.0,0.0,0.0,1.2,-0.24298736453056335,1.153179407119751,1.0223268270492554,10.000000004412279,7.975472637938368e-08,OFFBOARD,1
6.232,TAKEOFF,-0.9942081608522706,60.26043313108764,0,14.856,0.0,0,0.0,0.0,0.0,0.0,0.0,0.0,0.0,1.2,-0.24460166692733765,1.1675001382827759,1.0543454885482788,10.000000004412279,7.975472637938368e-08,OFFBOARD,1
6.264,TAKEOFF,-0.970069555095797,60.260780234359615,0,14.888,0.0,0,0.0,0.0,0.0,0.0,0.0,0.0,0.0,1.2,-0.24572421610355377,1.1786223649978638,1.0801584720611572,10.000000004412279,7.975472637938368e-08,OFFBOARD,1
6.296,TAKEOFF,-0.9422711871666298,60.26128655709496,0,14.92,0.0,0,0.0,0.0,0.0,0.0,0.0,0.0,0.0,1.2,-0.24646693468093872,1.1867780685424805,1.0996955633163452,10.000000004412279,7.975472637938368e-08,OFFBOARD,1
6.332,TAKEOFF,-0.9107300442151725,60.26266655560362,0,14.956,0.0,0,0.0,0.0,0.0,0.0,0.0,0.0,0.0,1.2,-0.24752847850322723,1.2000223398208618,1.1324886083602905,10.000000004412279,7.975472637938368e-08,OFFBOARD,1
6.364,TAKEOFF,-0.8789099991641587,60.26308128878579,0,14.988,0.0,0,0.0,0.0,0.0,0.0,0.0,0.0,0.0,1.2,-0.24821865558624268,1.2103198766708374,1.15902578830719,10.000000004412279,7.975472637938368e-08,OFFBOARD,1
6.396,TAKEOFF,-0.8503973293491844,60.263775865389555,0,15.02,0.0,0,0.0,0.0,0.0,0.0,0.0,0.0,0.0,1.2,-0.2489454597234726,1.2204997539520264,1.1859807968139648,10.000000004412279,7.975472637938368e-08,OFFBOARD,1
6.432,TAKEOFF,-0.821678330814378,60.26469982491205,0,15.056,0.0,0,0.0,0.0,0.0,0.0,0.0,0.0,0.0,1.2,-0.2500176727771759,1.2308320999145508,1.213826298713684,10.000000004412279,7.975472637938368e-08,OFFBOARD,1
6.464,TAKEOFF,-0.7927576800029263,60.265285781002966,0,15.088,0.0,0,0.0,0.0,0.0,0.0,0.0,0.0,0.0,1.2,-0.251137912273407,1.2433295249938965,1.2486635446548462,10.000000004412279,7.975472637938368e-08,OFFBOARD,1
6.496,TAKEOFF,-0.7599871021247231,60.26507310418418,0,15.12,0.0,0,0.0,0.0,0.0,0.0,0.0,0.0,0.0,1.2,-0.25169995427131653,1.2505954504013062,1.2695963382720947,10.000000004412279,7.975472637938368e-08,OFFBOARD,1
6.532,TAKEOFF,-0.7306562284401985,60.26569677710382,0,15.156,0.0,0,0.0,0.0,0.0,0.0,0.0,0.0,0.0,1.2,-0.2524692118167877,1.2623298168182373,1.304591178894043,10.000000004412279,7.975472637938368e-08,OFFBOARD,1
6.564,TAKEOFF,-0.7011417265068178,60.265588465382834,0,15.188,0.0,0,0.0,0.0,0.0,0.0,0.0,0.0,0.0,1.2,-0.2529444694519043,1.2714134454727173,1.3327016830444336,10.000000004412279,7.975472637938368e-08,OFFBOARD,1
6.596,TAKEOFF,-0.6677227352355601,60.26569453739412,0,15.22,0.0,0,0.0,0.0,0.0,0.0,0.0,0.0,0.0,1.2,-0.253350168466568,1.2802886962890625,1.3615528345108032,10.000000004412279,7.975472637938368e-08,OFFBOARD,1
6.632,TAKEOFF,-0.6378283974717871,60.26596742013066,0,15.256,0.0,0,0.0,0.0,0.0,0.0,0.0,0.0,0.0,1.2,-0.25390541553497314,1.2912075519561768,1.3997454643249512,10.000000004412279,7.975472637938368e-08,OFFBOARD,1
6.664,TAKEOFF,-0.6077618620132861,60.265549384984006,0,15.288,0.0,0,0.0,0.0,0.0,0.0,0.0,0.0,0.0,1.2,-0.254140168428421,1.2975544929504395,1.422622561454773,10.000000004412279,7.975472637938368e-08,OFFBOARD,1
6.696,TAKEOFF,-0.5775379057582042,60.26549630767663,0,15.32,0.0,0,0.0,0.0,0.0,0.0,0.0,0.0,0.0,1.2,-0.25435271859169006,1.3057857751846313,1.4530105590820312,10.000000004412279,7.975472637938368e-08,OFFBOARD,1
6.732,TAKEOFF,-0.5395580286176218,60.265241802290774,0,15.356,0.0,0,0.0,0.0,0.0,0.0,0.0,0.0,0.0,1.2,-0.2544673979282379,1.3157027959823608,1.4912302494049072,10.000000004412279,7.975472637938368e-08,OFFBOARD,1
6.764,TAKEOFF,-0.5128425895226796,60.264837813104776,0,15.388,0.0,0,0.0,0.0,0.0,0.0,0.0,0.0,0.0,1.2,-0.2544323205947876,1.3233519792556763,1.5217082500457764,10.000000004412279,7.975472637938368e-08,OFFBOARD,1
6.796,TAKEOFF,-0.4821930732250086,60.26441435174722,0,15.42,0.0,0,0.0,0.0,0.0,0.0,0.0,0.0,0.0,1.2,-0.25427863001823425,1.3307538032531738,1.5521000623703003,10.000000004412279,7.975472637938368e-08,OFFBOARD,1
6.832,TAKEOFF,-0.44757684193132863,60.26388656816431,0,15.456,0.0,0,0.0,0.0,0.0,0.0,0.0,0.0,0.0,1.2,-0.25401952862739563,1.3379074335098267,1.582383394241333,10.000000004412279,7.975472637938368e-08,OFFBOARD,1
6.864,TAKEOFF,-0.41669077304626523,60.26329107881781,0,15.488,0.0,0,0.0,0.0,0.0,0.0,0.0,0.0,0.0,1.2,-0.25356703996658325,1.346492886543274,1.6202112436294556,10.000000004412279,7.975472637938368e-08,OFFBOARD,1
6.896,TAKEOFF,-0.3856956328379266,60.26284765734679,0,15.52,0.0,0,0.0,0.0,0.0,0.0,0.0,0.0,0.0,1.2,-0.2532413601875305,1.3514626026153564,1.6429424285888672,10.000000004412279,7.975472637938368e-08,OFFBOARD,1
6.932,TAKEOFF,-0.35069453115220295,60.26200400569775,0,15.556000000000001,0.0,0,0.0,0.0,0.0,0.0,0.0,0.0,0.0,1.2,-0.25260642170906067,1.3594409227371216,1.680756688117981,10.000000004412279,7.975472637938368e-08,OFFBOARD,1
6.964,TAKEOFF,-0.3194640128465731,60.26144087819382,0,15.588,0.0,0,0.0,0.0,0.0,0.0,0.0,0.0,0.0,1.2,-0.2520294487476349,1.3655571937561035,1.7109802961349487,10.000000004412279,7.975472637938368e-08,OFFBOARD,1
6.996,TAKEOFF,-0.28811973441114613,60.26084247598648,0,15.62,0.0,0,0.0,0.0,0.0,0.0,0.0,0.0,0.0,1.2,-0.2514689564704895,1.3715907335281372,1.7416783571243286,10.000000004412279,7.975472637938368e-08,OFFBOARD,1
7.032,TAKEOFF,-0.2527162794659874,60.2602660160825,0,15.656,0.0,0,0.0,0.0,0.0,0.0,0.0,0.0,0.0,1.2,-0.2510548233985901,1.3778232336044312,1.773108720779419,10.000000004412279,7.975472637938368e-08,OFFBOARD,1
7.064,TAKEOFF,-0.22112032816496097,60.25950903096108,0,15.688,0.0,0,0.0,0.0,0.0,0.0,0.0,0.0,0.0,1.2,-0.25056877732276917,1.383787751197815,1.8045904636383057,10.000000004412279,7.975472637938368e-08,OFFBOARD,1
7.096,TAKEOFF,-0.18940967236787865,60.258746320548404,0,15.72,0.0,0,0.0,0.0,0.0,0.0,0.0,0.0,0.0,1.2,-0.2500349283218384,1.3895171880722046,1.8359401226043701,10.000000004412279,7.975472637938368e-08,OFFBOARD,1
7.132,TAKEOFF,-0.15359950256574217,60.257757179982406,0,15.756,0.0,0,0.0,0.0,0.0,0.0,0.0,0.0,0.0,1.2,-0.24932146072387695,1.3963665962219238,1.8750598430633545,10.000000004412279,7.975472637938368e-08,OFFBOARD,1
7.164,TAKEOFF,-0.12164941068935864,60.257064269851675,0,15.788,0.0,0,0.0,0.0,0.0,0.0,0.0,0.0,0.0,1.2,-0.24873226881027222,1.401584267616272,1.9061826467514038,10.000000004412279,7.975472637938368e-08,OFFBOARD,1
7.196,TAKEOFF,-0.08958687754323869,60.256220945366884,0,15.82,0.0,0,0.0,0.0,0.0,0.0,0.0,0.0,0.0,1.2,-0.24812035262584686,1.406566858291626,1.9371968507766724,10.000000004412279,7.975472637938368e-08,OFFBOARD,1
7.232,TAKEOFF,-0.04934675547024536,60.25508887079666,0,15.856,0.0,0,0.0,0.0,0.0,0.0,0.0,0.0,0.0,1.2,-0.24745683372020721,1.4113094806671143,1.9681891202926636,10.000000004412279,7.975472637938368e-08,OFFBOARD,1
7.264,TAKEOFF,-0.021072417940499744,60.25424121105145,0,15.888,0.0,0,0.0,0.0,0.0,0.0,0.0,0.0,0.0,1.2,-0.24674437940120697,1.415816307067871,1.9991146326065063,10.000000004412279,7.975472637938368e-08,OFFBOARD,1
7.296,TAKEOFF,0.011348653787484064,60.253076658240126,0,15.92,0.0,0,0.0,0.0,0.0,0.0,0.0,0.0,0.0,1.2,-0.24579954147338867,1.4211235046386719,2.0376980304718018,10.000000004412279,7.975472637938368e-08,OFFBOARD,1
7.332,TAKEOFF,0.04796185045071599,60.25203787934453,0,15.956,0.0,0,0.0,0.0,0.0,0.0,0.0,0.0,0.0,1.2,-0.24497805535793304,1.4251219034194946,2.068681001663208,10.000000004412279,7.975472637938368e-08,OFFBOARD,1
7.364,TAKEOFF,0.0806321558697527,60.2508966967166,0,15.988,0.0,0,0.0,0.0,0.0,0.0,0.0,0.0,0.0,1.2,-0.24408160150051117,1.428890585899353,2.0996885299682617,10.000000004412279,7.975472637938368e-08,OFFBOARD,1
7.396,TAKEOFF,0.11341933611497002,60.249740311021924,0,16.02,0.0,0,0.0,0.0,0.0,0.0,0.0,0.0,0.0,1.2,-0.24314312636852264,1.432624340057373,2.1313602924346924,10.000000004412279,7.975472637938368e-08,OFFBOARD,1
7.432,TAKEOFF,0.15456556637006047,60.24826909285176,0,16.056,0.0,0,0.0,0.0,0.0,0.0,0.0,0.0,0.0,1.2,-0.24219128489494324,1.4366497993469238,2.1644835472106934,10.000000004412279,7.975472637938368e-08,OFFBOARD,1
7.464,TAKEOFF,0.18347534366371976,60.24713688699585,0,16.088,0.0,0,0.0,0.0,0.0,0.0,0.0,0.0,0.0,1.2,-0.24118509888648987,1.4404369592666626,2.197648286819458,10.000000004412279,7.975472637938368e-08,OFFBOARD,1
7.496,TAKEOFF,0.2166161271292144,60.24582529725657,0,16.12,0.0,0,0.0,0.0,0.0,0.0,0.0,0.0,0.0,1.2,-0.24014344811439514,1.4439867734909058,2.230616331100464,10.000000004412279,7.975472637938368e-08,OFFBOARD,1
7.532,TAKEOFF,0.2540168495413888,60.244044088803406,0,16.156,0.0,0,0.0,0.0,0.0,0.0,0.0,0.0,0.0,1.2,-0.2387905865907669,1.4481067657470703,2.2717795372009277,10.000000004412279,7.975472637938368e-08,OFFBOARD,1
7.564,TAKEOFF,0.28735921321493096,60.24287266657781,0,16.188,0.0,0,0.0,0.0,0.0,0.0,0.0,0.0,0.0,1.2,-0.2376580685377121,1.45114004611969,2.3046071529388428,10.000000004412279,7.975472637938368e-08,OFFBOARD,1
7.596,TAKEOFF,0.3207899771628555,60.241424823824026,0,16.22,0.0,0,0.0,0.0,0.0,0.0,0.0,0.0,0.0,1.2,-0.23649056255817413,1.4539482593536377,2.3373007774353027,10.000000004412279,7.975472637938368e-08,OFFBOARD,1
7.632,TAKEOFF,0.3585014411372591,60.239738545944476,0,16.256,0.0,0,0.0,0.0,0.0,0.0,0.0,0.0,0.0,1.2,-0.2352750599384308,1.4565211534500122,2.370124101638794,10.000000004412279,7.975472637938368e-08,OFFBOARD,1
7.664,TAKEOFF,0.39211238699853945,60.23789212525808,0,16.288,0.0,0,0.0,0.0,0.0,0.0,0.0,0.0,0.0,1.2,-0.23369954526424408,1.4594192504882812,2.410959005355835,10.000000004412279,7.975472637938368e-08,OFFBOARD,1
7.696,TAKEOFF,0.4258103783692895,60.2366225081193,0,16.32,0.0,0,0.0,0.0,0.0,0.0,0.0,0.0,0.0,1.2,-0.2324095070362091,1.4614816904067993,2.4434797763824463,10.000000004412279,7.975472637938368e-08,OFFBOARD,1
7.732,TAKEOFF,0.46805228058648574,60.23461129751259,0,16.356,0.0,0,0.0,0.0,0.0,0.0,0.0,0.0,0.0,1.2,-0.23108726739883423,1.4633193016052246,2.4760124683380127,10.000000004412279,7.975472637938368e-08,OFFBOARD,1
7.764,TAKEOFF,0.4977033043167487,60.23316526661745,0,16.388,0.0,0,0.0,0.0,0.0,0.0,0.0,0.0,0.0,1.2,-0.2297411561012268,1.4649415016174316,2.5085504055023193,10.000000004412279,7.975472637938368e-08,OFFBOARD,1
7.796,TAKEOFF,0.5316759243357922,60.2314204976773,0,16.42,0.0,0,0.0,0.0,0.0,0.0,0.0,0.0,0.0,1.2,-0.2283109873533249,1.4662882089614868,2.541487693786621,10.000000004412279,7.975472637938368e-08,OFFBOARD,1
7.832,TAKEOFF,0.5742702496540679,60.229080534320666,0,16.456,0.0,0,0.0,0.0,0.0,0.0,0.0,0.0,0.0,1.2,-0.22666753828525543,1.4672828912734985,2.575775623321533,10.000000004412279,7.975472637938368e-08,OFFBOARD,1
7.864,TAKEOFF,0.6041697707734208,60.227528723229774,0,16.488,0.0,0,0.0,0.0,0.0,0.0,0.0,0.0,0.0,1.2,-0.22499243915081024,1.4680849313735962,2.60994815826416,10.000000004412279,7.975472637938368e-08,OFFBOARD,1
7.896,TAKEOFF,0.6427051791794915,60.22510992080124,0,16.52,0.0,0,0.0,0.0,0.0,0.0,0.0,0.0,0.0,1.2,-0.22288693487644196,1.4688260555267334,2.6524605751037598,10.000000004412279,7.975472637938368e-08,OFFBOARD,1
7.932,TAKEOFF,0.6770381047067886,60.22370532073235,0,16.556,0.0,0,0.0,0.0,0.0,0.0,0.0,0.0,0.0,1.2,-0.22118723392486572,1.4692102670669556,2.686345338821411,10.000000004412279,7.975472637938368e-08,OFFBOARD,1
7.964,TAKEOFF,0.7157483434270016,60.22162288799159,0,16.588,0.0,0,0.0,0.0,0.0,0.0,0.0,0.0,0.0,1.2,-0.21947456896305084,1.4694135189056396,2.7201719284057617,10.000000004412279,7.975472637938368e-08,OFFBOARD,1
7.996,TAKEOFF,0.745918736770776,60.2199713032155,0,16.62,0.0,0,0.0,0.0,0.0,0.0,0.0,0.0,0.0,1.2,-0.21774806082248688,1.4694300889968872,2.7539305686950684,10.000000004412279,7.975472637938368e-08,OFFBOARD,1
8.032,TAKEOFF,0.7847886095228929,60.217822789228286,0,16.656,0.0,0,0.0,0.0,0.0,0.0,0.0,0.0,0.0,1.2,-0.216011181473732,1.4692497253417969,2.7876498699188232,10.000000004412279,7.975472637938368e-08,OFFBOARD,1
8.064,TAKEOFF,0.8237469213867952,60.21564255797699,0,16.688,0.0,0,0.0,0.0,0.0,0.0,0.0,0.0,0.0,1.2,-0.21426896750926971,1.4688667058944702,2.8212339878082275,10.000000004412279,7.975472637938368e-08,OFFBOARD,1
8.096,TAKEOFF,0.8541107730713433,60.21348121043817,0,16.72,0.0,0,0.0,0.0,0.0,0.0,0.0,0.0,0.0,1.2,-0.21208658814430237,1.4681260585784912,2.8632242679595947,10.000000004412279,7.975472637938368e-08,OFFBOARD,1
8.132,TAKEOFF,0.893236415196597,60.21167488957886,0,16.756,0.0,0,0.0,0.0,0.0,0.0,0.0,0.0,0.0,1.2,-0.21033301949501038,1.4673129320144653,2.8967490196228027,10.000000004412279,7.975472637938368e-08,OFFBOARD,1
8.164,TAKEOFF,0.9281013527950743,60.20966015106139,0,16.788,0.0,0,0.0,0.0,0.0,0.0,0.0,0.0,0.0,1.2,-0.208583265542984,1.4663132429122925,2.9303064346313477,10.000000004412279,7.975472637938368e-08,OFFBOARD,1
8.196,TAKEOFF,0.9630508867099148,60.20759645400696,0,16.82,0.0,0,0.0,0.0,0.0,0.0,0.0,0.0,0.0,1.2,-0.20681993663311005,1.4649252891540527,2.964427947998047,10.000000004412279,7.975472637938368e-08,OFFBOARD,1
8.232,TAKEOFF,1.002466893762381,60.20522180669273,0,16.856,0.0,0,0.0,0.0,0.0,0.0,0.0,0.0,0.0,1.2,-0.2050284445285797,1.4627435207366943,2.9997193813323975,10.000000004412279,7.975472637938368e-08,OFFBOARD,1
8.264,TAKEOFF,1.0375849151188459,60.20312646762534,0,16.888,0.0,0,0.0,0.0,0.0,0.0,0.0,0.0,0.0,1.2,-0.20324154198169708,1.4604090452194214,3.034971237182617,10.000000004412279,7.975472637938368e-08,OFFBOARD,1
8.296,TAKEOFF,1.0771667286799294,60.2007295409377,0,16.92,0.0,0,0.0,0.0,0.0,0.0,0.0,0.0,0.0,1.2,-0.20144975185394287,1.4579155445098877,3.070026159286499,10.000000004412279,7.975472637938368e-08,OFFBOARD,1
8.332,TAKEOFF,1.1168086756612126,60.19785156384341,0,16.956,0.0,0,0.0,0.0,0.0,0.0,0.0,0.0,0.0,1.2,-0.19921796023845673,1.4546208381652832,3.1140055656433105,10.000000004412279,7.975472637938368e-08,OFFBOARD,1
8.364,TAKEOFF,1.1476770761147659,60.19641382178925,0,16.988,0.0,0,0.0,0.0,0.0,0.0,0.0,0.0,0.0,1.2,-0.1974380761384964,1.4518364667892456,3.1489086151123047,10.000000004412279,7.975472637938368e-08,OFFBOARD,1
8.396,TAKEOFF,1.182993242731321,60.19420960612913,0,17.02,0.0,0,0.0,0.0,0.0,0.0,0.0,0.0,0.0,1.2,-0.19565095007419586,1.448923945426941,3.1836955547332764,10.000000004412279,7.975472637938368e-08,OFFBOARD,1
8.432,TAKEOFF,1.2227748853454208,60.19170531175922,0,17.056,0.0,0,0.0,0.0,0.0,0.0,0.0,0.0,0.0,1.2,-0.19385486841201782,1.4459009170532227,3.2182698249816895,10.000000004412279,7.975472637938368e-08,OFFBOARD,1
8.464,TAKEOFF,1.2581860701796135,60.189465890321124,0,17.088,0.0,0,0.0,0.0,0.0,0.0,0.0,0.0,0.0,1.2,-0.19205805659294128,1.4427634477615356,3.2526605129241943,10.000000004412279,7.975472637938368e-08,OFFBOARD,1
8.496,TAKEOFF,1.2936486204827644,60.1872220178395,0,17.12,0.0,0,0.0,0.0,0.0,0.0,0.0,0.0,0.0,1.2,-0.19027253985404968,1.4395488500595093,3.286914825439453,10.000000004412279,7.975472637938368e-08,OFFBOARD,1
8.532,TAKEOFF,1.3380600345720088,60.183928259166,0,17.156,0.0,0,0.0,0.0,0.0,0.0,0.0,0.0,0.0,1.2,-0.18805263936519623,1.4354325532913208,3.3295650482177734,10.000000004412279,7.975472637938368e-08,OFFBOARD,1
8.564,TAKEOFF,1.3692092595779455,60.18239632149952,0,17.188,0.0,0,0.0,0.0,0.0,0.0,0.0,0.0,0.0,1.2,-0.18628227710723877,1.4320862293243408,3.3636412620544434,10.000000004412279,7.975472637938368e-08,OFFBOARD,1
8.596,TAKEOFF,1.4048775365237494,60.17989177777898,0,17.22,0.0,0,0.0,0.0,0.0,0.0,0.0,0.0,0.0,1.2,-0.18430830538272858,1.428536295890808,3.398228168487549,10.000000004412279,7.975472637938368e-08,OFFBOARD,1
8.632,TAKEOFF,1.449575214539498,60.175796339646936,0,17.256,0.0,0,0.0,0.0,0.0,0.0,0.0,0.0,0.0,1.2,-0.18115964531898499,1.4234614372253418,3.4434351921081543,10.000000004412279,7.975472637938368e-08,OFFBOARD,1
8.664,TAKEOFF,1.480935277707001,60.175100222582834,0,17.288,0.0,0,0.0,0.0,0.0,0.0,0.0,0.0,0.0,1.2,-0.17929765582084656,1.4204046726226807,3.4705088138580322,10.000000004412279,7.975472637938368e-08,OFFBOARD,1
8.696,TAKEOFF,1.521322457603293,60.17184778057001,0,17.32,0.0,0,0.0,0.0,0.0,0.0,0.0,0.0,0.0,1.2,-0.1768254041671753,1.4163302183151245,3.506458044052124,10.000000004412279,7.975472637938368e-08,OFFBOARD,1
8.732,TAKEOFF,1.5617636368656536,60.16861146287403,0,17.356,0.0,0,0.0,0.0,0.0,0.0,0.0,0.0,0.0,1.2,-0.17376776039600372,1.4112496376037598,3.5511679649353027,10.000000004412279,7.975472637938368e-08,OFFBOARD,1
8.764,TAKEOFF,1.5932468109755313,60.16721922526684,0,17.388,0.0,0,0.0,0.0,0.0,0.0,0.0,0.0,0.0,1.2,-0.17134331166744232,1.407192349433899,3.5866482257843018,10.000000004412279,7.975472637938368e-08,OFFBOARD,1
8.796,TAKEOFF,1.6292559159017959,60.164916539287326,0,17.42,0.0,0,0.0,0.0,0.0,0.0,0.0,0.0,0.0,1.2,-0.1689600944519043,1.403146743774414,3.622183084487915,10.000000004412279,7.975472637938368e-08,OFFBOARD,1
8.832,TAKEOFF,1.6698049393008567,60.16230938673818,0,17.456,0.0,0,0.0,0.0,0.0,0.0,0.0,0.0,0.0,1.2,-0.16660669445991516,1.3990988731384277,3.657489776611328,10.000000004412279,7.975472637938368e-08,OFFBOARD,1
8.864,TAKEOFF,1.705884291624061,60.160009852651775,0,17.488,0.0,0,0.0,0.0,0.0,0.0,0.0,0.0,0.0,1.2,-0.1642940491437912,1.3950519561767578,3.692641258239746,10.000000004412279,7.975472637938368e-08,OFFBOARD,1
8.896,TAKEOFF,1.7420011357483833,60.157727790433626,0,17.52,0.0,0,0.0,0.0,0.0,0.0,0.0,0.0,0.0,1.2,-0.16203394532203674,1.391006588935852,3.7276296615600586,10.000000004412279,7.975472637938368e-08,OFFBOARD,1
8.932,TAKEOFF,1.782685091407195,60.15456455976688,0,17.556,0.0,0,0.0,0.0,0.0,0.0,0.0,0.0,0.0,1.2,-0.15925109386444092,1.385934829711914,3.7713217735290527,10.000000004412279,7.975472637938368e-08,OFFBOARD,1
8.964,TAKEOFF,1.8189001465295296,60.15285904894648,0,17.588,0.0,0,0.0,0.0,0.0,0.0,0.0,0.0,0.0,1.2,-0.157057523727417,1.381881594657898,3.80648136138916,10.000000004412279,7.975472637938368e-08,OFFBOARD,1
8.996,TAKEOFF,1.8551662296254778,60.1506624193366,0,17.62,0.0,0,0.0,0.0,0.0,0.0,0.0,0.0,0.0,1.2,-0.15498802065849304,1.3772690296173096,3.842067241668701,10.000000004412279,7.975472637938368e-08,OFFBOARD,1
9.032,TAKEOFF,1.8960341209081704,60.14786834449153,0,17.656,0.0,0,0.0,0.0,0.0,0.0,0.0,0.0,0.0,1.2,-0.15277978777885437,1.3694900274276733,3.8882241249084473,10.000000004412279,7.975472637938368e-08,OFFBOARD,1
9.064,TAKEOFF,1.9369682728354252,60.146273894898165,0,17.688,0.0,0,0.0,0.0,0.0,0.0,0.0,0.0,0.0,1.2,-0.1514803022146225,1.364897608757019,3.915715456008911,10.000000004412279,7.975472637938368e-08,OFFBOARD,1
9.096,TAKEOFF,1.9688367806498372,60.14339142912871,0,17.72,0.0,0,0.0,0.0,0.0,0.0,0.0,0.0,0.0,1.2,-0.14935682713985443,1.357340693473816,3.961207151412964,10.000000004412279,7.975472637938368e-08,OFFBOARD,1
9.132,TAKEOFF,2.009832418655433,60.141311089003715,0,17.756,0.0,0,0.0,0.0,0.0,0.0,0.0,0.0,0.0,1.2,-0.14767129719257355,1.3513909578323364,3.9972996711730957,10.000000004412279,7.975472637938368e-08,OFFBOARD,1
9.164,TAKEOFF,2.046285816330476,60.139077738473304,0,17.788,0.0,0,0.0,0.0,0.0,0.0,0.0,0.0,0.0,1.2,-0.14601169526576996,1.3455405235290527,4.033211708068848,10.000000004412279,7.975472637938368e-08,OFFBOARD,1
9.196,TAKEOFF,2.082750880720296,60.136837779238405,0,17.82,0.0,0,0.0,0.0,0.0,0.0,0.0,0.0,0.0,1.2,-0.14436490833759308,1.3397778272628784,4.0689520835876465,10.000000004412279,7.975472637938368e-08,OFFBOARD,1
9.232,TAKEOFF,2.128358345758327,60.13404858633063,0,17.856,0.0,0,0.0,0.0,0.0,0.0,0.0,0.0,0.0,1.2,-0.14273788034915924,1.3341041803359985,4.104538440704346,10.000000004412279,7.975472637938368e-08,OFFBOARD,1
9.264,TAKEOFF,2.1603076210752845,60.132105995309,0,17.888,0.0,0,0.0,0.0,0.0,0.0,0.0,0.0,0.0,1.2,-0.14113013446331024,1.3285287618637085,4.140000820159912,10.000000004412279,7.975472637938368e-08,OFFBOARD,1
9.296,TAKEOFF,2.1968524633560063,60.12987532095408,0,17.92,0.0,0,0.0,0.0,0.0,0.0,0.0,0.0,0.0,1.2,-0.1395314633846283,1.323060154914856,4.175353527069092,10.000000004412279,7.975472637938368e-08,OFFBOARD,1
9.332,TAKEOFF,2.2380148007283682,60.126938165344704,0,17.956,0.0,0,0.0,0.0,0.0,0.0,0.0,0.0,0.0,1.2,-0.13754183053970337,1.3163812160491943,4.219405174255371,10.000000004412279,7.975472637938368e-08,OFFBOARD,1
9.368,TAKEOFF,2.2746543375351638,60.12512116513155,0,17.992,0.0,0,0.0,0.0,0.0,0.0,0.0,0.0,0.0,1.2,-0.13594472408294678,1.3111549615859985,4.254481315612793,10.000000004412279,7.975472637938368e-08,OFFBOARD,1
9.396,TAKEOFF,2.311347189552617,60.12240886314906,0,18.02,0.0,0,0.0,0.0,0.0,0.0,0.0,0.0,0.0,1.2,-0.133883997797966,1.305559515953064,4.290346622467041,10.000000004412279,7.975472637938368e-08,OFFBOARD,1
9.432,TAKEOFF,2.3526968107467785,60.11855868983497,0,18.056,0.0,0,0.0,0.0,0.0,0.0,0.0,0.0,0.0,1.2,-0.1305210292339325,1.298729419708252,4.328232765197754,10.000000004412279,7.975472637938368e-08,OFFBOARD,1
9.464,TAKEOFF,2.3895149570966727,60.116393500123436,0,18.088,0.0,0,0.0,0.0,0.0,0.0,0.0,0.0,0.0,1.2,-0.12723161280155182,1.2920924425125122,4.365821838378906,10.000000004412279,7.975472637938368e-08,OFFBOARD,1
9.496,TAKEOFF,2.426374776870745,60.11422048427331,0,18.12,0.0,0,0.0,0.0,0.0,0.0,0.0,0.0,0.0,1.2,-0.12400776147842407,1.285642385482788,4.403136730194092,10.000000004412279,7.975472637938368e-08,OFFBOARD,1
9.532,TAKEOFF,2.4678686395265292,60.11094831528925,0,18.156,0.0,0,0.0,0.0,0.0,0.0,0.0,0.0,0.0,1.2,-0.12005945295095444,1.2778277397155762,4.449557781219482,10.000000004412279,7.975472637938368e-08,OFFBOARD,1
9.564,TAKEOFF,2.504762480217282,60.109605909598514,0,18.188,0.0,0,0.0,0.0,0.0,0.0,0.0,0.0,0.0,1.2,-0.11696586012840271,1.271756887435913,4.4865031242370605,10.000000004412279,7.975472637938368e-08,OFFBOARD,1
9.6,TAKEOFF,2.541657944792035,60.107437372734125,0,18.224,0.0,0,0.0,0.0,0.0,0.0,0.0,0.0,0.0,1.2,-0.11392208188772202,1.2658469676971436,4.523154258728027,10.000000004412279,7.975472637938368e-08,OFFBOARD,1
9.632,TAKEOFF,2.583169686587587,60.1050066364482,0,18.256,0.0,0,0.0,0.0,0.0,0.0,0.0,0.0,0.0,1.2,-0.11092326045036316,1.2600946426391602,4.55977201461792,10.000000004412279,7.975472637938368e-08,OFFBOARD,1
9.664,TAKEOFF,2.620080859529527,60.10288903032766,0,18.288,0.0,0,0.0,0.0,0.0,0.0,0.0,0.0,0.0,1.2,-0.1079830452799797,1.2544907331466675,4.596165180206299,10.000000004412279,7.975472637938368e-08,OFFBOARD,1
9.696,TAKEOFF,2.661630852453119,60.100541283274154,0,18.32,0.0,0,0.0,0.0,0.0,0.0,0.0,0.0,0.0,1.2,-0.10510975122451782,1.2490317821502686,4.6326422691345215,10.000000004412279,7.975472637938368e-08,OFFBOARD,1
9.732,TAKEOFF,2.6985924202274174,60.0977810680676,0,18.356,0.0,0,0.0,0.0,0.0,0.0,0.0,0.0,0.0,1.2,-0.10161324590444565,1.242416501045227,4.677854061126709,10.000000004412279,7.975472637938368e-08,OFFBOARD,1
9.764,TAKEOFF,2.735581670578887,60.09650891583645,0,18.388,0.0,0,0.0,0.0,0.0,0.0,0.0,0.0,0.0,1.2,-0.0988922044634819,1.2372885942459106,4.713735103607178,10.000000004412279,7.975472637938368e-08,OFFBOARD,1
9.796,TAKEOFF,2.772602068391804,60.09472671269713,0,18.42,0.0,0,0.0,0.0,0.0,0.0,0.0,0.0,0.0,1.2,-0.09643253684043884,1.2319135665893555,4.750311851501465,10.000000004412279,7.975472637938368e-08,OFFBOARD,1
9.832,TAKEOFF,2.81429569819267,60.09260484099792,0,18.456,0.0,0,0.0,0.0,0.0,0.0,0.0,0.0,0.0,1.2,-0.09414691478013992,1.224001407623291,4.798401355743408,10.000000004412279,7.975472637938368e-08,OFFBOARD,1
9.864,TAKEOFF,2.851394530773962,60.09116838212954,0,18.488,0.0,0,0.0,0.0,0.0,0.0,0.0,0.0,0.0,1.2,-0.09234297275543213,1.2178722620010376,4.836502552032471,10.000000004412279,7.975472637938368e-08,OFFBOARD,1
9.896,TAKEOFF,2.888509144735092,60.08976206743852,0,18.52,0.0,0,0.0,0.0,0.0,0.0,0.0,0.0,0.0,1.2,-0.09101490676403046,1.2133885622024536,4.864827632904053,10.000000004412279,7.975472637938368e-08,OFFBOARD,1
9.932,TAKEOFF,2.93026051438985,60.08676576808315,0,18.556,0.0,0,0.0,0.0,0.0,0.0,0.0,0.0,0.0,1.2,-0.08885486423969269,1.2061160802841187,4.91177225112915,10.000000004412279,7.975472637938368e-08,OFFBOARD,1
9.964,TAKEOFF,2.9673627048636964,60.08542816554963,0,18.588,0.0,0,0.0,0.0,0.0,0.0,0.0,0.0,0.0,1.2,-0.08716420084238052,1.2004772424697876,4.948950290679932,10.000000004412279,7.975472637938368e-08,OFFBOARD,1
9.996,TAKEOFF,3.0090904535342626,60.08342999009712,0,18.62,0.0,0,0.0,0.0,0.0,0.0,0.0,0.0,0.0,1.2,-0.08550382405519485,1.194993495941162,4.985926151275635,10.000000004412279,7.975472637938368e-08,OFFBOARD,1
10.032,TAKEOFF,3.046174859149841,60.08167841182363,0,18.656,0.0,0,0.0,0.0,0.0,0.0,0.0,0.0,0.0,1.2,-0.08386559784412384,1.1896543502807617,5.022586345672607,10.000000004412279,7.975472637938368e-08,OFFBOARD,1
10.064,TAKEOFF,3.083258828955699,60.079939625589894,0,18.688,0.0,0,0.0,0.0,0.0,0.0,0.0,0.0,0.0,1.2,-0.08223867416381836,1.1844584941864014,5.058979511260986,10.000000004412279,7.975472637938368e-08,OFFBOARD,1
10.1,TAKEOFF,3.129625668865494,60.07950306641026,0,18.724,0.0,0,0.0,0.0,0.0,0.0,0.0,0.0,0.0,1.2,-0.0806153416633606,1.1794180870056152,5.0951385498046875,10.000000004412279,7.975472637938368e-08,OFFBOARD,1
10.132,TAKEOFF,3.162101815285532,60.07585656485743,0,18.756,0.0,0,0.0,0.0,0.0,0.0,0.0,0.0,0.0,1.2,-0.07858370989561081,1.1733111143112183,5.14015007019043,10.000000004412279,7.975472637938368e-08,OFFBOARD,1
10.164,TAKEOFF,3.203896175991558,60.07437984915047,0,18.788,0.0,0,0.0,0.0,0.0,0.0,0.0,0.0,0.0,1.2,-0.07695961743593216,1.1685662269592285,5.176126480102539,10.000000004412279,7.975472637938368e-08,OFFBOARD,1
10.196,TAKEOFF,3.2364377892093192,60.07282038302179,0,18.82,0.0,0,0.0,0.0,0.0,0.0,0.0,0.0,0.0,1.2,-0.07525695860385895,1.1634624004364014,5.212434768676758,10.000000004412279,7.975472637938368e-08,OFFBOARD,1
10.232,TAKEOFF,3.278323400134185,60.07070927900118,0,18.856,0.0,0,0.0,0.0,0.0,0.0,0.0,0.0,0.0,1.2,-0.0733475610613823,1.157124638557434,5.250098705291748,10.000000004412279,7.975472637938368e-08,OFFBOARD,1
10.264,TAKEOFF,3.315598647720561,60.069078190440734,0,18.888,0.0,0,0.0,0.0,0.0,0.0,0.0,0.0,0.0,1.2,-0.0714617595076561,1.1510107517242432,5.287505626678467,10.000000004412279,7.975472637938368e-08,OFFBOARD,1
10.296,TAKEOFF,3.3529058623264345,60.0674525241382,0,18.92,0.0,0,0.0,0.0,0.0,0.0,0.0,0.0,0.0,1.2,-0.06959310919046402,1.1450788974761963,5.324996471405029,10.000000004412279,7.975472637938368e-08,OFFBOARD,1
10.332,TAKEOFF,3.3949015586880136,60.0651318989192,0,18.956,0.0,0,0.0,0.0,0.0,0.0,0.0,0.0,0.0,1.2,-0.06726276129484177,1.137908697128296,5.371489524841309,10.000000004412279,7.975472637938368e-08,OFFBOARD,1
10.364,TAKEOFF,3.4322447150235065,60.06402720019517,0,18.988,0.0,0,0.0,0.0,0.0,0.0,0.0,0.0,0.0,1.2,-0.0654144436120987,1.1323764324188232,5.408576011657715,10.000000004412279,7.975472637938368e-08,OFFBOARD,1
10.396,TAKEOFF,3.4695988185537048,60.06246430351483,0,19.02,0.0,0,0.0,0.0,0.0,0.0,0.0,0.0,0.0,1.2,-0.06360170990228653,1.1270092725753784,5.445626735687256,10.000000004412279,7.975472637938368e-08,OFFBOARD,1
10.432,TAKEOFF,3.511638414906544,60.060729225384776,0,19.056,0.0,0,0.0,0.0,0.0,0.0,0.0,0.0,0.0,1.2,-0.06183259189128876,1.1218016147613525,5.482622146606445,10.000000004412279,7.975472637938368e-08,OFFBOARD,1
10.464,TAKEOFF,3.5490242089479014,60.05920769883222,0,19.088,0.0,0,0.0,0.0,0.0,0.0,0.0,0.0,0.0,1.2,-0.06010374426841736,1.1167538166046143,5.519425868988037,10.000000004412279,7.975472637938368e-08,OFFBOARD,1
10.496,TAKEOFF,3.586429311942729,60.05769551804064,0,19.12,0.0,0,0.0,0.0,0.0,0.0,0.0,0.0,0.0,1.2,-0.05840718746185303,1.1118357181549072,5.556052207946777,10.000000004412279,7.975472637938368e-08,OFFBOARD,1
10.532,TAKEOFF,3.6285395676897907,60.05557818040277,0,19.156,0.0,0,0.0,0.0,0.0,0.0,0.0,0.0,0.0,1.2,-0.056332141160964966,1.1058673858642578,5.601767063140869,10.000000004412279,7.975472637938368e-08,OFFBOARD,1
10.564,TAKEOFF,3.6660017963861153,60.05452053075515,0,19.188,0.0,0,0.0,0.0,0.0,0.0,0.0,0.0,0.0,1.2,-0.05468808114528656,1.1012353897094727,5.638121128082275,10.000000004412279,7.975472637938368e-08,OFFBOARD,1
10.596,TAKEOFF,3.70349775615816,60.053023426003,0,19.22,0.0,0,0.0,0.0,0.0,0.0,0.0,0.0,0.0,1.2,-0.05304967612028122,1.0963996648788452,5.674999713897705,10.000000004412279,7.975472637938368e-08,OFFBOARD,1
10.632,TAKEOFF,3.745727298376772,60.05091996291103,0,19.256,0.0,0,0.0,0.0,0.0,0.0,0.0,0.0,0.0,1.2,-0.051018573343753815,1.0893917083740234,5.723095417022705,10.000000004412279,7.975472637938368e-08,OFFBOARD,1
10.664,TAKEOFF,3.7832995850163598,60.049884497495654,0,19.288,0.0,0,0.0,0.0,0.0,0.0,0.0,0.0,0.0,1.2,-0.049398232251405716,1.0839930772781372,5.76131010055542,10.000000004412279,7.975472637938368e-08,OFFBOARD,1
10.696,TAKEOFF,3.8208899992113348,60.04885224759065,0,19.32,0.0,0,0.0,0.0,0.0,0.0,0.0,0.0,0.0,1.2,-0.04818404093384743,1.08005952835083,5.789799690246582,10.000000004412279,7.975472637938368e-08,OFFBOARD,1
10.732,TAKEOFF,3.867883855372543,60.04619831371268,0,19.356,0.0,0,0.0,0.0,0.0,0.0,0.0,0.0,0.0,1.2,-0.04617372155189514,1.07368803024292,5.837039947509766,10.000000004412279,7.975472637938368e-08,OFFBOARD,1
10.764,TAKEOFF,3.900775986841151,60.045387229776836,0,19.388,0.0,0,0.0,0.0,0.0,0.0,0.0,0.0,0.0,1.2,-0.04458748549222946,1.0687501430511475,5.874566078186035,10.000000004412279,7.975472637938368e-08,OFFBOARD,1
10.796,TAKEOFF,3.9383617052534707,60.0439750768236,0,19.42,0.0,0,0.0,0.0,0.0,0.0,0.0,0.0,0.0,1.2,-0.04301619529724121,1.0639489889144897,5.911803245544434,10.000000004412279,7.975472637938368e-08,OFFBOARD,1
10.832,TAKEOFF,3.980641260994895,60.04237222207985,0,19.456,0.0,0,0.0,0.0,0.0,0.0,0.0,0.0,0.0,1.2,-0.04143406078219414,1.0592784881591797,5.948911190032959,10.000000004412279,7.975472637938368e-08,OFFBOARD,1
10.864,TAKEOFF,4.018224022579789,60.04095967401055,0,19.488,0.0,0,0.0,0.0,0.0,0.0,0.0,0.0,0.0,1.2,-0.03984193503856659,1.0547455549240112,5.985790729522705,10.000000004412279,7.975472637938368e-08,OFFBOARD,1
10.896,TAKEOFF,4.055813187432701,60.03956779039518,0,19.52,0.0,0,0.0,0.0,0.0,0.0,0.0,0.0,0.0,1.2,-0.0382491759955883,1.0503392219543457,6.022611141204834,10.000000004412279,7.975472637938368e-08,OFFBOARD,1
10.932,TAKEOFF,4.098117326240073,60.03759777596117,0,19.556,0.0,0,0.0,0.0,0.0,0.0,0.0,0.0,0.0,1.2,-0.0362551286816597,1.04501211643219,6.068336009979248,10.000000004412279,7.975472637938368e-08,OFFBOARD,1
10.964,TAKEOFF,4.135742833804585,60.03666716356411,0,19.588,0.0,0,0.0,0.0,0.0,0.0,0.0,0.0,0.0,1.2,-0.0346766859292984,1.0408631563186646,6.1047892570495605,10.000000004412279,7.975472637938368e-08,OFFBOARD,1
10.996,TAKEOFF,4.173393271623537,60.035553800214636,0,19.62,0.0,0,0.0,0.0,0.0,0.0,0.0,0.0,0.0,1.2,-0.03333815187215805,1.0366110801696777,6.142104148864746,10.000000004412279,7.975472637938368e-08,OFFBOARD,1
11.032,TAKEOFF,4.215783064941824,60.03471982106306,0,19.656,0.0,0,0.0,0.0,0.0,0.0,0.0,0.0,0.0,1.2,-0.03267423436045647,1.031935453414917,6.181767463684082,10.000000004412279,7.975472637938368e-08,OFFBOARD,1
11.064,TAKEOFF,4.258202236760322,60.03319622889843,0,19.688,0.0,0,0.0,0.0,0.0,0.0,0.0,0.0,0.0,1.2,-0.031965069472789764,1.027401089668274,6.2211480140686035,10.000000004412279,7.975472637938368e-08,OFFBOARD,1
11.096,TAKEOFF,4.291195394868302,60.032015757283844,0,19.72,0.0,0,0.0,0.0,0.0,0.0,0.0,0.0,0.0,1.2,-0.03121083229780197,1.0230025053024292,6.260247707366943,10.000000004412279,7.975472637938368e-08,OFFBOARD,1
11.132,TAKEOFF,4.338300176299267,60.0301429288526,0,19.756,0.0,0,0.0,0.0,0.0,0.0,0.0,0.0,0.0,1.2,-0.030204886570572853,1.0176560878753662,6.308770656585693,10.000000004412279,7.975472637938368e-08,OFFBOARD,1
11.164,TAKEOFF,4.371241952771268,60.02922896048918,0,19.788,0.0,0,0.0,0.0,0.0,0.0,0.0,0.0,0.0,1.2,-0.029376784339547157,1.0134961605072021,6.34713888168335,10.000000004412279,7.975472637938368e-08,OFFBOARD,1
11.196,TAKEOFF,4.408852796024119,60.027954758159666,0,19.82,0.0,0,0.0,0.0,0.0,0.0,0.0,0.0,0.0,1.2,-0.028532380238175392,1.00943922996521,6.38551139831543,10.000000004412279,7.975472637938368e-08,OFFBOARD,1
11.232,TAKEOFF,4.451121502776099,60.026520141353984,0,19.856,0.0,0,0.0,0.0,0.0,0.0,0.0,0.0,0.0,1.2,-0.02765769511461258,1.0054705142974854,6.4235453605651855,10.000000004412279,7.975472637938368e-08,OFFBOARD,1
11.264,TAKEOFF,4.493350266857064,60.02508735567249,0,19.888,0.0,0,0.0,0.0,0.0,0.0,0.0,0.0,0.0,1.2,-0.026745647192001343,1.001591444015503,6.46143913269043,10.000000004412279,7.975472637938368e-08,OFFBOARD,1
11.296,TAKEOFF,4.530861660046522,60.02382652627752,0,19.92,0.0,0,0.0,0.0,0.0,0.0,0.0,0.0,0.0,1.2,-0.025807831436395645,0.9977980852127075,6.499213695526123,10.000000004412279,7.975472637938368e-08,OFFBOARD,1
11.332,TAKEOFF,4.573045177251506,60.02213515094621,0,19.956,0.0,0,0.0,0.0,0.0,0.0,0.0,0.0,0.0,1.2,-0.024579433724284172,0.9931621551513672,6.546043872833252,10.000000004412279,7.975472637938368e-08,OFFBOARD,1
11.364,TAKEOFF,4.605847551842832,60.021277293683156,0,19.988,0.0,0,0.0,0.0,0.0,0.0,0.0,0.0,0.0,1.2,-0.02355441451072693,0.9895325303077698,6.583189010620117,10.000000004412279,7.975472637938368e-08,OFFBOARD,1
11.396,TAKEOFF,4.643333458210574,60.01983088670284,0,20.02,0.0,0,0.0,0.0,0.0,0.0,0.0,0.0,0.0,1.2,-0.022315455600619316,0.985781729221344,6.6207756996154785,10.000000004412279,7.975472637938368e-08,OFFBOARD,1
11.432,TAKEOFF,4.685510300264408,60.017868752139464,0,20.056,0.0,0,0.0,0.0,0.0,0.0,0.0,0.0,0.0,1.2,-0.020505191758275032,0.9815587401390076,6.660114765167236,10.000000004412279,7.975472637938368e-08,OFFBOARD,1
11.464,TAKEOFF,4.727692604032178,60.0165099247014,0,20.088,0.0,0,0.0,0.0,0.0,0.0,0.0,0.0,0.0,1.2,-0.018715515732765198,0.9774529337882996,6.699033260345459,10.000000004412279,7.975472637938368e-08,OFFBOARD,1
11.496,TAKEOFF,4.760493500536983,60.01543892550246,0,20.12,0.0,0,0.0,0.0,0.0,0.0,0.0,0.0,0.0,1.2,-0.016925210133194923,0.9734562039375305,6.737560749053955,10.000000004412279,7.975472637938368e-08,OFFBOARD,1
11.532,TAKEOFF,4.807320522175676,60.013453701808764,0,20.156,0.0,0,0.0,0.0,0.0,0.0,0.0,0.0,0.0,1.2,-0.014689934439957142,0.9686002135276794,6.785531997680664,10.000000004412279,7.975472637938368e-08,OFFBOARD,1
11.564,TAKEOFF,4.840071333689016,60.012875962523104,0,20.188,0.0,0,0.0,0.0,0.0,0.0,0.0,0.0,0.0,1.2,-0.012924030423164368,0.9648188352584839,6.823696136474609,10.000000004412279,7.975472637938368e-08,OFFBOARD,1
11.596,TAKEOFF,4.87747410738516,60.011695223472465,0,20.22,0.0,0,0.0,0.0,0.0,0.0,0.0,0.0,0.0,1.2,-0.011184790171682835,0.9611340761184692,6.861710548400879,10.000000004412279,7.975472637938368e-08,OFFBOARD,1
11.632,TAKEOFF,4.919523443661667,60.01036309643111,0,20.256,0.0,0,0.0,0.0,0.0,0.0,0.0,0.0,0.0,1.2,-0.009460649453103542,0.9575226306915283,6.8993988037109375,10.000000004412279,7.975472637938368e-08,OFFBOARD,1
11.664,TAKEOFF,4.961547888310852,60.009062001604875,0,20.288,0.0,0,0.0,0.0,0.0,0.0,0.0,0.0,0.0,1.2,-0.007767762057483196,0.9539868235588074,6.936756134033203,10.000000004412279,7.975472637938368e-08,OFFBOARD,1
11.696,TAKEOFF,4.994223694693025,60.00805326024179,0,20.32,0.0,0,0.0,0.0,0.0,0.0,0.0,0.0,0.0,1.2,-0.006090717855840921,0.9505128860473633,6.974102973937988,10.000000004412279,7.975472637938368e-08,OFFBOARD,1
11.732,TAKEOFF,5.040899614508618,60.006220777278806,0,20.356,0.0,0,0.0,0.0,0.0,0.0,0.0,0.0,0.0,1.2,-0.004039196763187647,0.9462484121322632,7.020502090454102,10.000000004412279,7.975472637938368e-08,OFFBOARD,1
11.764,TAKEOFF,5.073577804174938,60.00567517255222,0,20.388,0.0,0,0.0,0.0,0.0,0.0,0.0,0.0,0.0,1.2,-0.0024265842512249947,0.9428969025611877,7.057427406311035,10.000000004412279,7.975472637938368e-08,OFFBOARD,1
11.796,TAKEOFF,5.110936206908974,60.00478229141701,0,20.42,0.0,0,0.0,0.0,0.0,0.0,0.0,0.0,0.0,1.2,-0.0010526417754590511,0.9392513036727905,7.094461441040039,10.000000004412279,7.975472637938368e-08,OFFBOARD,1
11.832,TAKEOFF,5.157658036535619,60.00376943332339,0,20.456,0.0,0,0.0,0.0,0.0,0.0,0.0,0.0,0.0,1.2,-8.619659638497978e-05,0.9335139989852905,7.141632080078125,10.000000004412279,7.975472637938368e-08,OFFBOARD,1
11.864,TAKEOFF,5.190383598211483,60.00320391127715,0,20.488,0.0,0,0.0,0.0,0.0,0.0,0.0,0.0,0.0,1.2,0.0005219999584369361,0.9301819205284119,7.169707298278809,10.000000004412279,7.975472637938368e-08,OFFBOARD,1
11.896,TAKEOFF,5.227803831926611,60.00188664502392,0,20.52,0.0,0,0.0,0.0,0.0,0.0,0.0,0.0,0.0,1.2,0.0013461913913488388,0.925857424736023,7.206895351409912,10.000000004412279,7.975472637938368e-08,OFFBOARD,1
11.932,TAKEOFF,5.269925584959596,60.00043374442092,0,20.556,0.0,0,0.0,0.0,0.0,0.0,0.0,0.0,0.0,1.2,0.002398186596110463,0.9206011891365051,7.253454685211182,10.000000004412279,7.975472637938368e-08,OFFBOARD,1
11.964,TAKEOFF,5.307388977949625,59.99956705550392,0,20.588,0.0,0,0.0,0.0,0.0,0.0,0.0,0.0,0.0,1.2,0.0032648995984345675,0.9165141582489014,7.290623188018799,10.000000004412279,7.975472637938368e-08,OFFBOARD,1
11.996,TAKEOFF,5.34487189873005,59.99848711170991,0,20.62,0.0,0,0.0,0.0,0.0,0.0,0.0,0.0,0.0,1.2,0.004148842301219702,0.9125359058380127,7.327874660491943,10.000000004412279,7.975472637938368e-08,OFFBOARD,1
12.032,TAKEOFF,5.387062562899425,59.99727796648848,0,20.656,0.0,0,0.0,0.0,0.0,0.0,0.0,0.0,0.0,1.2,0.005050553474575281,0.9086666703224182,7.3648681640625,10.000000004412279,7.975472637938368e-08,OFFBOARD,1
12.064,TAKEOFF,5.424587399910601,59.996212777436206,0,20.688,0.0,0,0.0,0.0,0.0,0.0,0.0,0.0,0.0,1.2,0.005961205344647169,0.904897928237915,7.40201997756958,10.000000004412279,7.975472637938368e-08,OFFBOARD,1
12.096,TAKEOFF,5.4621394684585045,59.995144776568374,0,20.72,0.0,0,0.0,0.0,0.0,0.0,0.0,0.0,0.0,1.2,0.00688474765047431,0.9012095332145691,7.4390153884887695,10.000000004412279,7.975472637938368e-08,OFFBOARD,1
12.132,TAKEOFF,5.509122019871503,59.993570404788606,0,20.756,0.0,0,0.0,0.0,0.0,0.0,0.0,0.0,0.0,1.2,0.00805139821022749,0.8967275023460388,7.485229969024658,10.000000004412279,7.975472637938368e-08,OFFBOARD,1
12.164,TAKEOFF,5.54204165792591,59.99289686890645,0,20.788,0.0,1,0.44749486446380615,0.0,0.0,0.0,0.0,0.0,0.0,1.2,0.008981422521173954,0.8932348489761353,7.522008419036865,10.000000004412279,7.975472637938368e-08,OFFBOARD,1
12.196,TAKEOFF,5.579700773426225,59.99211816529088,0,20.82,0.0,1,0.44749486446380615,0.0,0.0,0.0,0.0,0.0,0.0,1.2,0.009629786014556885,0.8895437121391296,7.559022426605225,10.000000004412279,7.975472637938368e-08,OFFBOARD,1
12.232,TAKEOFF,5.622117425145516,59.99172428180886,0,20.856,0.0,1,0.44749486446380615,0.0,0.0,0.0,0.0,0.0,0.0,1.2,0.009470153599977493,0.8851178884506226,7.597020626068115,10.000000004412279,7.975472637938368e-08,OFFBOARD,1
12.268,TAKEOFF,5.664583081041943,59.990443258983596,0,20.892,0.0,1,0.44749486446380615,0.0,0.0,0.0,0.0,0.0,0.0,1.2,0.00938507728278637,0.8797718286514282,7.644303321838379,10.000000004412279,7.975472637938368e-08,OFFBOARD,1
12.296,TAKEOFF,5.697637810033996,59.98943185900489,0,20.92,0.0,1,0.44749486446380615,0.0,0.0,0.0,0.0,0.0,0.0,1.2,0.009398398920893669,0.8756345510482788,7.68217134475708,10.000000004412279,7.975472637938368e-08,OFFBOARD,1
12.332,TAKEOFF,5.740158185879297,59.98816168566539,0,20.956,0.0,1,0.44749486446380615,0.0,0.0,0.0,0.0,0.0,0.0,1.2,0.009484048001468182,0.8716086745262146,7.719793796539307,10.000000004412279,7.975472637938368e-08,OFFBOARD,1
12.364,TAKEOFF,5.777968414631065,59.98703658280796,0,20.988,0.0,1,0.44749486446380615,0.0,0.0,0.0,0.0,0.0,0.0,1.2,0.00962504930794239,0.867682933807373,7.757168292999268,10.000000004412279,7.975472637938368e-08,OFFBOARD,1
12.396,TAKEOFF,5.820523109573408,59.98574595669231,0,21.02,0.0,1,0.44749486446380615,0.0,0.0,0.0,0.0,0.0,0.0,1.2,0.009844988584518433,0.8638471961021423,7.79453182220459,10.000000004412279,7.975472637938368e-08,OFFBOARD,1
12.432,TAKEOFF,5.858371604382166,59.984604316133364,0,21.056,0.0,1,0.44749486446380615,0.0,0.0,0.0,0.0,0.0,0.0,1.2,0.010120443068444729,0.8601071238517761,7.831722259521484,10.000000004412279,7.975472637938368e-08,OFFBOARD,1
12.464,TAKEOFF,5.896245695337555,59.98345806484826,0,21.088,0.0,1,0.44749486446380615,0.0,0.0,0.0,0.0,0.0,0.0,1.2,0.010445096530020237,0.8564552068710327,7.868790626525879,10.000000004412279,7.975472637938368e-08,OFFBOARD,1
12.496,TAKEOFF,5.934148624376945,59.982299711684995,0,21.12,0.0,1,0.44749486446380615,0.0,0.0,0.0,0.0,0.0,0.0,1.2,0.010818691924214363,0.8528794050216675,7.905681610107422,10.000000004412279,7.975472637938368e-08,OFFBOARD,1
12.532,TAKEOFF,5.981571907413091,59.98071611020395,0,21.156,0.0,1,0.44749486446380615,0.0,0.0,0.0,0.0,0.0,0.0,1.2,0.011358456686139107,0.8485186100006104,7.951633930206299,10.000000004412279,7.975472637938368e-08,OFFBOARD,1
12.564,TAKEOFF,6.014803579178487,59.97980162052792,0,21.188,0.0,1,0.44749486446380615,0.0,0.0,0.0,0.0,0.0,0.0,1.2,0.011827686801552773,0.8451056480407715,7.98829460144043,10.000000004412279,7.975472637938368e-08,OFFBOARD,1
12.596,TAKEOFF,6.052819854045699,59.97846637256698,0,21.22,0.0,1,0.5072959065437317,0.0,0.0,0.0,0.0,0.0,0.0,1.2,0.012472905218601227,0.841336727142334,8.0252685546875,10.000000004412279,7.975472637938368e-08,OFFBOARD,1
12.632,TAKEOFF,6.095637389129193,59.97639822814856,0,21.256,0.0,1,0.5072959065437317,0.0,0.0,0.0,0.0,0.0,0.0,1.2,0.013838336803019047,0.8352445960044861,8.073189735412598,10.000000004412279,7.975472637938368e-08,OFFBOARD,1
12.664,TAKEOFF,6.138508308656354,59.97563981650323,0,21.288,0.0,1,0.5072959065437317,0.0,0.0,0.0,0.0,0.0,0.0,1.2,0.014661298133432865,0.8317335844039917,8.101780891418457,10.000000004412279,7.975472637938368e-08,OFFBOARD,1
12.696,TAKEOFF,6.176649042331855,59.97415671996346,0,21.32,0.0,1,0.5072959065437317,0.0,0.0,0.0,0.0,0.0,0.0,1.2,0.0157514326274395,0.8271904587745667,8.139589309692383,10.000000004412279,7.975472637938368e-08,OFFBOARD,1
12.732,TAKEOFF,6.21481167983209,59.972671736090035,0,21.356,0.0,1,0.5072959065437317,0.0,0.0,0.0,0.0,0.0,0.0,1.2,0.017098337411880493,0.8217095136642456,8.186846733093262,10.000000004412279,7.975472637938368e-08,OFFBOARD,1
12.764,TAKEOFF,6.257762404923451,59.971583946497326,0,21.388,0.0,1,0.5072959065437317,0.0,0.0,0.0,0.0,0.0,0.0,1.2,0.018166832625865936,0.8174696564674377,8.224547386169434,10.000000004412279,7.975472637938368e-08,OFFBOARD,1
12.796,TAKEOFF,6.291177724891099,59.97051181264897,0,21.42,0.0,1,0.5072959065437317,0.0,0.0,0.0,0.0,0.0,0.0,1.2,0.0192242581397295,0.8133552670478821,8.262287139892578,10.000000004412279,7.975472637938368e-08,OFFBOARD,1
12.832,TAKEOFF,6.334148187761382,59.96911246430628,0,21.456,0.0,1,0.5072959065437317,0.0,0.0,0.0,0.0,0.0,0.0,1.2,0.02027682587504387,0.8093581199645996,8.299873352050781,10.000000004412279,7.975472637938368e-08,OFFBOARD,1
12.864,TAKEOFF,6.3771289555955555,59.96770749145128,0,21.488,0.0,1,0.5072959065437317,0.0,0.0,0.0,0.0,0.0,0.0,1.2,0.021319031715393066,0.8054724335670471,8.337227821350098,10.000000004412279,7.975472637938368e-08,OFFBOARD,1
12.896,TAKEOFF,6.410570939019571,59.96661079466546,0,21.52,0.0,1,0.5072959065437317,0.0,0.0,0.0,0.0,0.0,0.0,1.2,0.022350559011101723,0.8016884922981262,8.374460220336914,10.000000004412279,7.975472637938368e-08,OFFBOARD,1
12.932,TAKEOFF,6.4535899809673705,59.96491333614389,0,21.556,0.0,1,0.5072959065437317,0.0,0.0,0.0,0.0,0.0,0.0,1.2,0.023636117577552795,0.797089695930481,8.420838356018066,10.000000004412279,7.975472637938368e-08,OFFBOARD,1
12.964,TAKEOFF,6.496639255702856,59.963751113053924,0,21.588,0.0,1,0.5072959065437317,0.0,0.0,0.0,0.0,0.0,0.0,1.2,0.024656586349010468,0.7935323715209961,8.457752227783203,10.000000004412279,7.975472637938368e-08,OFFBOARD,1
12.996,TAKEOFF,6.534936324922745,59.962548194711005,0,21.62,0.0,1,0.9103686213493347,0.0,0.0,0.0,0.0,0.0,0.0,1.2,0.02559099905192852,0.789774477481842,8.494823455810547,10.000000004412279,7.975472637938368e-08,OFFBOARD,1
13.032,TAKEOFF,6.573269913790233,59.96147902383781,0,21.656,0.0,1,0.9103686213493347,0.0,0.0,0.0,0.0,0.0,0.0,1.2,0.026294222101569176,0.7852831482887268,8.53305435180664,10.000000004412279,7.975472637938368e-08,OFFBOARD,1
13.064,TAKEOFF,6.616437230809799,59.96001771163024,0,21.688,0.0,1,0.9103686213493347,0.0,0.0,0.0,0.0,0.0,0.0,1.2,0.027003411203622818,0.780950129032135,8.571151733398438,10.000000004412279,7.975472637938368e-08,OFFBOARD,1
13.096,TAKEOFF,6.650034052233881,59.95887484413191,0,21.72,0.0,1,0.9103686213493347,0.0,0.0,0.0,0.0,0.0,0.0,1.2,0.027720607817173004,0.7767733335494995,8.60931396484375,10.000000004412279,7.975472637938368e-08,OFFBOARD,1
13.132,TAKEOFF,6.693246071451016,59.95719595143716,0,21.756,0.0,1,0.9103686213493347,0.0,0.0,0.0,0.0,0.0,0.0,1.2,0.02864043600857258,0.7717448472976685,8.656888008117676,10.000000004412279,7.975472637938368e-08,OFFBOARD,1
13.164,TAKEOFF,6.731665441062184,59.95608319688504,0,21.788,0.0,1,0.9103686213493347,0.0,0.0,0.0,0.0,0.0,0.0,1.2,0.029380381107330322,0.767865777015686,8.694784164428711,10.000000004412279,7.975472637938368e-08,OFFBOARD,1
13.196,TAKEOFF,6.774892756331887,59.95461320140913,0,21.82,0.0,1,0.9103686213493347,0.0,0.0,0.0,0.0,0.0,0.0,1.2,0.03011600859463215,0.7640997171401978,8.73254680633545,10.000000004412279,7.975472637938368e-08,OFFBOARD,1
13.232,TAKEOFF,6.813321220805488,59.95328293916295,0,21.856,0.0,1,0.9103686213493347,0.0,0.0,0.0,0.0,0.0,0.0,1.2,0.030866043642163277,0.7604331970214844,8.770074844360352,10.000000004412279,7.975472637938368e-08,OFFBOARD,1
13.264,TAKEOFF,6.856562197831607,59.95158486373183,0,21.888,0.0,1,0.9103686213493347,0.0,0.0,0.0,0.0,0.0,0.0,1.2,0.0318160280585289,0.7559679746627808,8.816930770874023,10.000000004412279,7.975472637938368e-08,OFFBOARD,1
13.296,TAKEOFF,6.890203161134613,59.95082737020963,0,21.92,0.0,1,0.9103686213493347,0.0,0.0,0.0,0.0,0.0,0.0,1.2,0.032383061945438385,0.7533527612686157,8.844996452331543,10.000000004412279,7.975472637938368e-08,OFFBOARD,1
13.332,TAKEOFF,6.933470674108181,59.94893983157633,0,21.956,0.0,1,0.9103686213493347,0.0,0.0,0.0,0.0,0.0,0.0,1.2,0.0333147831261158,0.7490985989570618,8.891864776611328,10.000000004412279,7.975472637938368e-08,OFFBOARD,1
13.364,TAKEOFF,6.971949438281703,59.94781560542675,0,21.988,0.0,1,0.9225257635116577,0.0,0.0,0.0,0.0,0.0,0.0,1.2,0.034038495272397995,0.7457929253578186,8.929336547851562,10.000000004412279,7.975472637938368e-08,OFFBOARD,1
